Samples,Methanobacteriaceae,Cohaesibacteraceae,UTPRO1,Nannocystaceae,Solirubrobacteraceae,Cardiobacteriaceae,Desulfomicrobiaceae,Syntrophobacteraceae,unclassified_Polyangiales,Sulfuricellaceae,unclassified_Luteitaleia,CAG.138,unclassified_Thermodesulfovibrionales,Ethanoligenenaceae,UBA1067,unclassified_Sphingobacteriales,Diplorickettsiaceae,X2.12/FULL.35.15,Methylophilaceae,SCN.69.37,Thermoanaerobaculaceae,Savagellaceae,Sulfurovaceae,Desulfomonilaceae,Akkermansiaceae,Thiovulaceae,Planctomycetaceae,Mitochondria,unclassified_Cyanobacteriia,unclassified_Cyanobacteriales,unclassified_Myxococcota,Vibrionaceae,OSC116,Methylococcaceae,unclassified_Pseudomonadales,Pelobacteraceae,Hydrogenophilaceae,unclassified_Verrucomicrobiae,Luteitaleaceae,unclassified_Desulfatiglanales,Chthoniobacteraceae,Anaerotignaceae,Cellulosilyticaceae,Turneriellaceae,Turicibacteraceae,unclassified_Syntrophales,unclassified_Actinobacteria,Dermatophilaceae,Exiguobacteraceae,Desulfobaccaceae,Treponemataceae_B,Saccharimonadaceae,Mucispirillaceae,Anaerofustaceae,unclassified_OPB41,unclassified_Chthoniobacterales,X2.02/FULL.66.22,Ilumatobacteraceae,CG2.30.64.16,UBA1381,unclassified_Microtrichales,Collierbacteraceae,Bacteriovoracaceae,Carnobacteriaceae,RBG.13.43.22,CAG.508,Paludibacteraceae,Nitrososphaeraceae,Nitrosopumilaceae,Pasteurellaceae,Filifactoraceae,Sphingomonadaceae,Desulfovibrionaceae,Xanthobacteraceae,Campylobacteraceae,Beijerinckiaceae,Erysipelatoclostridiaceae,Gastranaerophilaceae,Selenomonadaceae,Helcococcaceae,Erysipelotrichaceae,Flavobacteriaceae,Eubacteriaceae,Corynebacteriaceae,Anaerovoracaceae,Burkholderiaceae,Neisseriaceae,Moraxellaceae,Enterobacteriaceae,Rhodobacteraceae,Rhizobiaceae,Steroidobacteraceae,Pseudomonadaceae,Psychromonadaceae,Methylomonadaceae,Rhodanobacteraceae,Xanthomonadaceae,Clostridiaceae,Caulobacteraceae,Acetobacteraceae,Peptostreptococcaceae,Peptoniphilaceae,Ruminococcaceae,Lachnospiraceae,Leptotrichiaceae,Acidaminococcaceae,Negativicoccaceae,Actinomycetaceae,Geodermatophilaceae,Microbacteriaceae,Pseudonocardiaceae,Bifidobacteriaceae,Micrococcaceae,Dermabacteraceae,Veillonellaceae,Dialisteraceae,Paenibacillaceae,Gemellaceae,Staphylococcaceae,Mycoplasmataceae_B,Treponemataceae,Megasphaeraceae,Nocardioidaceae,Porphyromonadaceae,Chitinophagaceae,Eggerthellaceae,Coriobacteriaceae,Atopobiaceae,Bacteroidaceae,Ureaplasmataceae,Devosiaceae,Butyricicoccaceae,Oscillospiraceae,DTU089,Lactobacillaceae,Aerococcaceae,Enterococcaceae,Streptococcaceae,Fusobacteriaceae,Geobacteraceae,UBA660,Marinifilaceae,Weeksellaceae,Dysgonomonadaceae,Muribaculaceae,Hymenobacteraceae,Cyclobacteriaceae,Rikenellaceae,Tannerellaceae,Sphingobacteriaceae,Spirosomaceae,unclassified_Bacteria,Hyphomicrobiaceae,unclassified_Alphaproteobacteria,Prolixibacteraceae,unclassified_Betaproteobacteriales,unclassified_Bacteroidia,unclassified_Anaerolineales,unclassified_Anaerolineae,unclassified_Rhizobiales,MBNT15,UKL13.2,Reyranellaceae,unclassified_Proteobacteria,Desulfobulbaceae,Gemmatimonadaceae,unclassified_Pirellulales,unclassified_Chitinophagales,Saprospiraceae,unclassified_Actinobacteriota,unclassified_Desulfobacterales,unclassified_Flavobacteriales,unclassified_Oscillospirales,RBG.16.70.10,Desulfocapsaceae,Anaerolineaceae,unclassified_Xanthomonadales,CSP1.4,Polyangiaceae,unclassified_Gammaproteobacteria,Rhodomicrobiaceae,unclassified_Bacilli,Nitrospiraceae,unclassified_Geobacterales,Halomonadaceae,Halieaceae,unclassified_Desulfobacterota,envOPS12,Hyphomonadaceae,Rhodocyclaceae,Pyrinomonadaceae,unclassified_Luteitaleales,Opitutaceae,unclassified_Clostridia,Christensenellaceae,OLB5,unclassified_Lachnospirales,unclassified_Actinomycetales,unclassified_Bacillales,Bacillaceae_A,Caldibacillaceae,unclassified_Desulfuromonadales,Holophagaceae,unclassified_Lactobacillales,unclassified_Bacteroidota,vadinHA17,Solibacteraceae,Pedosphaeraceae,unclassified_Pedosphaerales,UBA2206,UBA932,unclassified_Bacteroidales,Fimbriimonadaceae,unclassified_Ignavibacteriales,Ignavibacteriaceae,Propionibacteriaceae,Barnesiellaceae,unclassified_Cytophagales
100001.c.062,0,0,0,0,0,0,0,0,0,0,0,0,0,0,0,0,0,0,0,0,0,0,0,0,0,0,0,0,0,0,0,0,0,0,0,0,0,0,0,0,0,0,0,0,0,0,0,0,0,0,0,0,0,0,0,0,0,0,0,0,0,0,0,0,0,0,0,0,0,0,0,0,0,0,0,0,0,0,0,0,0,0,0,0,0,0,0,0,66.65740792,0,0,0,0,0,0,0,0,0,0,0,0,0,0,0,0,0,0,0,0,0,0,0,0,0,29.65946336,0,0,0,0,0,0,0,0,0,0,0,0,0,0.677740126,0,0,0,0,0,0,0,3.00538859,0,0,0,0,0,0,0,0,0,0,0,0,0,0,0,0,0,0,0,0,0,0,0,0,0,0,0,0,0,0,0,0,0,0,0,0,0,0,0,0,0,0,0,0,0,0,0,0,0,0,0,0,0,0,0,0,0,0,0,0,0,0,0,0,0,0,0,0,0,0,0,0,0,0,0,0,0,0,0,0,0
100001.c.060,0,0,0,0,0,0,0,0,0,0,0,0,0,0,0,0,0,0,0,0,0,0,0,0,0.038232795,0,0,0,0,0,0,0,0,0,0,0,0,0,0,0,0,0,0,0,0,0,0,0,0,0,0,0,0,0,0,0,0,0,0,0,0,0,0,0,0,0,0,0,0,0,0,0,0,0,0,0,0,0,0,0,0,0,0,0,0,0,0,0.02548853,43.17757009,0,0,0,0,0,0,0,0.02548853,0,0,0,0,0,0,0,0,0,0,0,0,0,0,0.021240442,0,0,0,0,0,0,0,0,0,0,0,0,0,0,0,0,55.59048428,0,0,0,0,0,0,0,0.85386576,0,0,0,0,0,0,0,0,0,0,0,0,0,0,0,0,0,0,0,0,0,0,0,0,0,0,0.229396771,0,0,0,0,0,0,0,0,0,0,0,0,0,0,0,0,0,0,0,0,0,0,0,0,0,0,0,0,0,0,0,0,0,0,0,0,0,0,0,0,0,0,0,0,0,0,0,0.038232795,0,0,0,0,0,0
100001.c.054,0,0,0,0,0,0,0,0,0,0,0,0,0,0,0,0,0,0,0,0,0,0,0,0,0,0,0,0,0,0,0,0,0,0,0,0,0,0,0,0,0,0,0,0,0,0,0,0,0,0,0,0,0,0,0,0,0,0,0,0,0,0,0,0,0,0,0,0,0,0,0,0,0,0,0,0,0,0,0,0,0,0,0,0,0,0,0,0,55.85519206,0,0,0,0,0,0,0,0,0,0,0,0,0,0.019648296,0.044208665,0,0,0,0,0,0,0,0.06385696,0,0,0,0,0,0,0,0,0,0,0,0,0,0,0,0,43.87955595,0,0,0,0,0.034384517,0,0,0.068769034,0,0,0,0,0,0,0,0,0,0,0,0.024560369,0,0,0,0,0,0,0,0,0,0,0,0,0,0,0.009824148,0,0,0,0,0,0,0,0,0,0,0,0,0,0,0,0,0,0,0,0,0,0,0,0,0,0,0,0,0,0,0,0,0,0,0,0,0,0,0,0,0,0,0,0,0,0,0,0,0,0,0,0,0,0
100001.c.053,0,0,0,0,0,0,0,0,0,0,0,0,0,0,0,0,0,0,0,0,0,0,0,0,0,0,0,0,0,0,0,0,0,0,0,0,0,0,0,0,0,0,0,0,0,0,0,0,0,0,0,0,0,0,0,0,0,0,0,0,0,0,0,0,0,0,0,0,0,0,0,0,0,0,0,0,0,0,0,0,0,0,0,0.025379637,0,0,0,0,40.70047798,0,0,0,0,0,0,0,0.016919758,0,0,0,0,0,0,0.008459879,0,0,0,0,0,0,0,0.021149698,0,0,0,0,0,0,0,0,0,0,0,0,0,0,0,0,57.79366355,0,0,0,0,0,0,0,1.323971067,0,0,0,0,0,0,0,0,0,0,0,0,0,0,0.109978427,0,0,0,0,0,0,0,0,0,0,0,0,0,0,0,0,0,0,0,0,0,0,0,0,0,0,0,0,0,0,0,0,0,0,0,0,0,0,0,0,0,0,0,0,0,0,0,0,0,0,0,0,0,0,0,0,0,0,0,0,0,0,0,0,0,0
100002.c.057,0,0,0,0,0,0,0,0,0,0,0,0,0,0,0,0,0,0,0,0,0,0,0,0,0,0,0,0,0,0,0,0,0,0,0,0,0,0,0,0,0,0,0,0,0,0,0,0,0,0,0,0,0,0,0,0,0,0,0,0,0,0,0,0,0,0,0,0,0,0.094082228,0,0,0,0,0,0,0,0,0,0,0,0,0,0,0,0,0,0,78.21055603,0,0,0,0,0,0,0,0,3.415184872,0,0,0,0,0,0,0,0,0,0,0,0,0,0.470411139,0,0,16.18214319,0,0,0,0,0,0,0,0,0,0,0,0,0,0,0,0,0,0,0,0,0,0,0.762066046,0,0,0,0,0,0,0,0,0,0,0,0,0,0.865556496,0,0,0,0,0,0,0,0,0,0,0,0,0,0,0,0,0,0,0,0,0,0,0,0,0,0,0,0,0,0,0,0,0,0,0,0,0,0,0,0,0,0,0,0,0,0,0,0,0,0,0,0,0,0,0,0,0,0,0,0,0,0,0,0,0,0
100002.c.056,0,0,0,0,0,0,0,0,0,0,0,0,0,0,0,0,0,0,0,0,0,0,0,0,0.033043807,0,0,0,0,0,0,0,0,0,0,0,0,0,0,0,0,0,0,0,0,0,0,0,0,0,0,0,0,0,0,0,0,0,0,0,0,0,0,0,0,0,0,0,0,0.165219033,0,0,0,0,0,0,0,0,0,0,0,0,0,0.028323263,0,0,0,11.18768882,66.3141994,0,0,0,0,0,0,0,0.061367069,3.389350453,0,0,0,0,0,0.028323263,0,0,0,0,0,0,0,0,0,0,1.397280967,0,0,0,0,0,0,0,0,0,0,0,0,0,0,0,0,0,0,0,0,0,0,0.070808157,0,0,0,0,0,0,0.023602719,0,0,0,0,0,0,17.30079305,0,0,0,0,0,0,0,0,0,0,0,0,0,0,0,0,0,0,0,0,0,0,0,0,0,0,0,0,0,0,0,0,0,0,0,0,0,0,0,0,0,0,0,0,0,0,0,0,0,0,0,0,0,0,0,0,0,0,0,0,0,0,0,0,0,0
100003.c.057,0,0,0,0,0,0,0,0,0,0,0,0,0,0,0,0,0,0,0,0,0,0,0,0,0.031106964,0,0,0,0,0,0,0,0,0,0,0,0,0,0,0,0,0,0,0,0,0,0,0,0,0,0,0,0.013331556,0,0,0,0,0,0,0,0,0,0,0,0,0,0,0,0,0,0,0,0,0,0,0,0,0,0,0,0,0,0,0,0,0,0,0,86.81064747,0,0,0,0,0,0,0,0,0,0,0,0,0,0.013331556,0.146647114,0,0,0,0,0,0,0,0,0,0,12.43834155,0,0,0,0,0,0,0,0,0,0,0,0,0,0.026663112,0,0,0,0,0.02221926,0,0,0,0,0,0,0,0,0,0,0,0,0,0,0,0,0,0.462160601,0,0,0,0,0,0,0,0,0,0,0,0,0,0,0,0,0,0,0,0,0,0,0,0,0,0,0,0,0,0,0,0,0,0,0,0,0,0,0,0,0,0,0,0,0,0,0,0,0,0,0,0,0,0,0,0,0,0,0,0.035550815,0,0,0,0,0,0
100003.c.055,0,0,0,0,0,0,0,0,0,0,0,0,0,0,0,0,0,0,0,0,0,0,0,0,0,0,0,0,0,0,0,0,0,0,0,0,0,0,0,0,0,0,0,0,0,0,0,0,0,0,0,0,0,0,0,0,0,0,0,0,0,0,0,0,0,0,0,0,0,0,0,0,0,0,0,0,0,0,0,0,0,0,0,0.321048759,0,0,0,0,99.4916728,0,0,0,0,0,0,0,0.013377032,0,0,0,0,0,0,0,0,0,0,0,0,0,0,0,0,0,0,0,0,0,0,0,0,0,0,0,0,0,0,0,0,0,0,0,0,0,0,0,0,0,0,0,0,0,0,0,0,0,0,0,0,0,0,0.173901411,0,0,0,0,0,0,0,0,0,0,0,0,0,0,0,0,0,0,0,0,0,0,0,0,0,0,0,0,0,0,0,0,0,0,0,0,0,0,0,0,0,0,0,0,0,0,0,0,0,0,0,0,0,0,0,0,0,0,0,0,0,0,0,0,0,0
100003.c.054,0,0,0,0,0,0,0,0,0,0,0,0,0,0,0,0,0,0,0,0,0,0,0,0,0.01501727,0,0,0,0,0,0,0,0,0,0,0,0,0,0,0,0,0,0,0,0,0,0,0,0,0,0,0,0,0,0,0,0,0,0,0,0,0,0,0,0,0,0,0,0,0,0,0,0,0,0,0,0.010011513,0,0,0,0,0,0,0,0,0,0,0.375431747,99.32922861,0,0,0,0,0,0,0,0,0,0,0,0,0,0,0,0,0,0,0,0,0,0,0,0,0,0,0,0,0,0,0,0,0,0,0,0,0,0,0,0,0,0,0,0,0,0,0,0,0.055063323,0,0,0,0,0,0,0,0,0,0,0,0,0,0.215247535,0,0,0,0,0,0,0,0,0,0,0,0,0,0,0,0,0,0,0,0,0,0,0,0,0,0,0,0,0,0,0,0,0,0,0,0,0,0,0,0,0,0,0,0,0,0,0,0,0,0,0,0,0,0,0,0,0,0,0,0,0,0,0,0,0,0
100003.c.053,0,0,0,0,0,0,0,0,0,0,0,0,0,0,0,0,0,0,0,0,0,0,0,0,0.055491329,0,0,0,0,0,0,0,0,0,0,0,0,0,0,0,0,0,0,0,0,0,0,0,0,0,0,0,0,0,0,0,0,0,0,0,0,0,0,0,0,0,0,0,0,0,0,0,0,0,0,0,0,0,0,0,0,0,0,0.078612717,0,0,0,0.027745665,90.33526012,0,0,0,0,0,0,0,0,0,0,0,0,0,0,0.106358382,0,0,0,0,0,0,0,0,0,0,8.56416185,0,0,0,0,0,0,0,0,0,0,0,0,0,0.027745665,0,0,0,0,0.027745665,0.027745665,0,0,0.115606936,0,0,0,0,0,0,0,0,0,0,0,0,0,0.633526012,0,0,0,0,0,0,0,0,0,0,0,0,0,0,0,0,0,0,0,0,0,0,0,0,0,0,0,0,0,0,0,0,0,0,0,0,0,0,0,0,0,0,0,0,0,0,0,0,0,0,0,0,0,0,0,0,0,0,0,0,0,0,0,0,0,0
100004.c.059,0,0,0,0,0,0,0,0,0,0,0,0,0,0,0,0,0,0,0,0,0,0,0,0,0.049380974,0,0,0,0,0,0,0,0,0,0,0,0,0,0,0,0,0,0,0,0,0,0,0,0,0,0,0,0,0,0,0,0,0,0,0,0,0,0,0,0,0,0,0,0,0,0,0,0,0,0,0,0,0,0,0,0,0,0,0,0,0,0,0.01410885,90.14496843,0,0,0,0,0,0,0,0,0,0,0,0,0,0,0.038799337,0,0,0,0,0,0,0,0.031744912,0,0,0,0,0,0,0,0,0,0,0,0,0,0,0,0,0.049380974,0,0,0,0,0.010581637,0,0,2.980494515,1.139289619,0,0,0,0,0,0,0.038799337,0,0,0,0,0,0,5.481288138,0,0,0,0,0,0,0,0,0,0,0,0,0,0,0,0,0,0,0,0,0,0,0,0,0,0,0,0,0,0,0,0,0,0,0,0,0,0,0,0,0,0,0,0,0,0,0,0,0,0,0,0,0,0,0,0,0,0,0,0,0,0,0,0.021163275,0,0
100004.c.057,0,0,0,0,0,0,0,0,0,0,0,0,0,0,0,0,0,0,0,0,0,0,0,0,0.03096934,0,0,0,0,0,0,0,0,0,0,0,0,0,0,0,0,0,0,0,0,0,0,0,0,0,0,0,0,0,0,0,0,0,0,0,0,0,0,0,0,0,0,0,0,0,0,0,0,0,0,0,0,0,0,0,0,0,0,0,0,0,0,0,97.04758955,0,0,0,0,0,0,0,0,0,0,0,0,0,0,0.041292454,0,0,0,0,0,0,0,0,0.092908021,0,0,0,0,0,0,0,0,0,0,0,0,0,0,0,0,0,0,0,0,0,0,0,1.192319604,0.449055435,0,0,0,0,0,0,0,0,0,0,0,0,0,1.145865593,0,0,0,0,0,0,0,0,0,0,0,0,0,0,0,0,0,0,0,0,0,0,0,0,0,0,0,0,0,0,0,0,0,0,0,0,0,0,0,0,0,0,0,0,0,0,0,0,0,0,0,0,0,0,0,0,0,0,0,0,0,0,0,0,0,0
100004.c.055,0,0,0,0,0,0,0,0,0,0,0,0,0,0,0,0,0,0,0,0,0,0,0,0,0,0,0,0,0,0,0,0,0,0,0,0,0,0,0,0,0,0,0,0,0,0,0,0,0,0,0,0,0,0,0,0,0,0,0,0,0,0,0,0,0,0,0,0,0,0,0,0,0,0,0,0,0,0,0,0,0,0,0,0,0,0,0,0.035504159,92.22966119,0,0,0,0,0,0,0,0,0,0,0,0,0,0,0.040576182,0,0,0,0,0,0,0,0.040576182,0.05579225,0,0,0.025360114,0,0,0,0,0,0,0,0,0,0,0,0,0.040576182,0,0,0,0,0,0,0,0,0.060864273,0,0,0.040576182,0,0,0,0,0,0,0,0,0,0,7.303712721,0,0,0,0,0,0,0,0,0,0,0,0,0,0,0,0,0,0,0,0,0,0,0,0,0,0,0,0,0,0,0,0,0,0,0,0,0,0,0,0,0,0,0,0,0,0,0,0,0,0,0,0,0,0,0,0,0,0,0,0,0,0,0,0.126800568,0,0
100004.c.054,0,0,0,0,0,0,0,0,0,0,0,0,0,0,0,0,0,0,0,0,0,0,0,0,0,0,0,0,0,0,0,0,0,0,0,0,0,0,0,0,0,0,0,0,0,0,0,0,0,0,0,0,0,0,0,0,0,0,0,0,0,0,0,0,0,0,0,0,0,0,0,0,0,0,0,0,0,0,0,0,0,0,0,0,0,0,0,0,91.5055861,0,0,0,0,0,0,0,0,0,0,0,0,0,0,0,0,0,0,0,0,0,0,0,0,0,0,0,0,0,0,0,0,0,0,0,0,0,0,0,0,0,0,0,0,0,0,0,0,0.094579417,0,0,0,0,0,0,0,0,0,0,0,0,0,8.399834486,0,0,0,0,0,0,0,0,0,0,0,0,0,0,0,0,0,0,0,0,0,0,0,0,0,0,0,0,0,0,0,0,0,0,0,0,0,0,0,0,0,0,0,0,0,0,0,0,0,0,0,0,0,0,0,0,0,0,0,0,0,0,0,0,0,0
100005.c.054,0,0,0,0,0,0,0,0,0,0,0,0,0,0,0,0,0,0,0,0,0,0,0,0,0,0,0,0,0,0,0,0,0,0,0,0,0,0,0,0,0,0,0,0,0,0,0,0,0,0,0,0,0,0,0,0,0,0,0,0,0,0,0,0,0,0,0,0,0,0,0,0,0,0,0,0,0,0,0,0,0,0,0,0,0,0,0,0,97.76582924,0,0,0,0,0,0,0,0,0,0,0,0,0,0,0,0,0,0,0,0,0,0,0,0,0,0,0,0,0,0,0,0,0,0,0,0,0,0,0,0,0,0,0,0,0,0,0,0,0,0,0,0,0,0,0,0,0,0,0,0,0,0,2.215629925,0,0,0,0,0,0,0,0,0,0,0,0,0,0,0,0,0,0,0,0,0,0,0,0,0,0,0,0,0,0,0,0,0,0,0,0,0,0,0,0,0,0,0,0,0,0,0,0,0,0,0,0,0,0,0,0,0,0,0,0.018540836,0,0,0,0,0,0
100010.c.058,0,0,0,0,0,0,0,0,0,0,0,0,0,0,0,0,0,0,0,0,0,0,0,0,0,0,0,0,0,0,0,0,0,0,0,0,0,0,0,0,0,0,0,0,0,0,0,0,0,0,0,0,0,0,0,0,0,0,0,0,0,0,0,0,0,0,0,0,0,0.079607271,0,0,0,0,0,0,0,0,0,2.078634293,0,0,0,0,0,0,0,0,61.27548538,0,0,0,0,0,0,0,0,0,0,0,0,0,0,10.1455044,0,0,0,0,0,0,0,0,0.008845252,0,26.09349432,0,0,0,0,0,0,0,0,0,0,0,0,0,0,0,0,0,0,0,0,0,0.11498828,0,0,0,0,0,0,0,0,0,0,0,0,0,0,0.203440803,0,0,0,0,0,0,0,0,0,0,0,0,0,0,0,0,0,0,0,0,0,0,0,0,0,0,0,0,0,0,0,0,0,0,0,0,0,0,0,0,0,0,0,0,0,0,0,0,0,0,0,0,0,0,0,0,0,0,0,0,0,0,0,0,0,0
100010.c.055,0,0,0,0,0,0,0,0,0,0,0,0,0,0,0,0,0,0,0,0,0,0,0,0,0.016406891,0,0,0,0,0,0,0,0,0,0,0,0,0,0,0,0,0,0,0,0,0,0,0,0,0,0,0,0,0,0,0,0,0,0,0,0,0,0,0,0,0,0,0,0,0,0,0,0,0,0,0,0,0,0,0,0,0,0,0,0,0,0,0,96.7514356,0,0,0,0,0,0,0,0,0,0,0,0.262510254,0,0,0,0,0,0,0,0,0,0,0,0,0,1.968826907,0,0,0,0,0,0,0,0,0,0,0,0,0,0.027344818,0,0,0,0.049220673,0,0,0,0.546896363,0,0,0,0,0,0,0,0,0,0,0,0,0,0,0.366420563,0,0,0,0,0,0,0,0.010937927,0,0,0,0,0,0,0,0,0,0,0,0,0,0,0,0,0,0,0,0,0,0,0,0,0,0,0,0,0,0,0,0,0,0,0,0,0,0,0,0,0,0,0,0,0,0,0,0,0,0,0,0,0,0,0,0,0,0
100011.c.057,0,0,0,0,0,0,0,0,0,0,0,0,0,0,0,0,0,0,0,0,0,0,0,0,0.030733296,0,0,0,0,0,0,0,0,0,0,0,0,0,0,0,0,0,0,0,0,0,0,0,0,0,0,0,0,0,0,0,0,0,0,0,0,0,0,0,0,0,0,0,0,0.030733296,0,0,0,0,0,0,0,0,0,0,0,0,0,0,0,0,0,0.061466593,50.50709939,0,0,0,0,0,0,0,0,0,0,0,0,0,0,0,0,0,0,0,0,0,0,0,0,0,46.82525048,0,0,0,0,0,0,0,0,0,0,0,0,0,0,0,0,0,0,0,0,0,2.42793042,0,0,0,0,0,0,0,0,0,0,0,0,0,0,0.116786527,0,0,0,0,0,0,0,0,0,0,0,0,0,0,0,0,0,0,0,0,0,0,0,0,0,0,0,0,0,0,0,0,0,0,0,0,0,0,0,0,0,0,0,0,0,0,0,0,0,0,0,0,0,0,0,0,0,0,0,0,0,0,0,0,0,0
100011.c.056,0,0,0,0,0,0,0,0,0,0,0,0,0,0,0,0,0,0,0,0,0,0,0,0,0,0,0,0,0,0,0,0,0,0,0,0,0,0,0,0,0,0,0,0,0,0,0,0,0,0,0,0,0,0,0,0,0,0,0,0,0,0,0,0,0,0,0,0,0,0.064381933,0,0,0,0,0,0,0,0,0,0,0,0,0,0,0,0,0,0,58.72622821,0,0,0,0,0,0,0,0,0,0,0,0,0,0,0,0,0,0,0,0,0,0,0,0,0,37.10875594,0,0,0,0,0,0,0,0,0,0,0,0,0,0,0,0,0,0,0,0,0,0.931061807,0.049524564,0,0,0,0,0,0,0,0,0,0,0,0,0,3.120047544,0,0,0,0,0,0,0,0,0,0,0,0,0,0,0,0,0,0,0,0,0,0,0,0,0,0,0,0,0,0,0,0,0,0,0,0,0,0,0,0,0,0,0,0,0,0,0,0,0,0,0,0,0,0,0,0,0,0,0,0,0,0,0,0,0,0
100011.c.055,0,0,0,0,0,0,0,0,0,0,0,0,0,0,0,0,0,0,0,0,0,0,0,0,0,0,0,0,0,0,0,0,0,0,0,0,0,0,0,0,0,0,0,0,0,0,0,0,0,0,0,0,0.017059994,0,0,0,0,0,0,0,0,0,0,0,0,0,0,0,0,0,0,0,0,0,0,0,0,0,0,0,0,0,0,0,0,0,0,0,99.78390674,0,0,0,0,0,0,0,0,0,0,0,0,0,0,0,0,0,0,0,0,0,0,0,0,0,0.039806653,0,0,0,0,0,0,0,0,0,0,0,0,0,0,0,0,0,0,0,0,0,0,0,0,0,0,0,0,0,0,0,0,0,0,0,0,0.159226614,0,0,0,0,0,0,0,0,0,0,0,0,0,0,0,0,0,0,0,0,0,0,0,0,0,0,0,0,0,0,0,0,0,0,0,0,0,0,0,0,0,0,0,0,0,0,0,0,0,0,0,0,0,0,0,0,0,0,0,0,0,0,0,0,0,0
100011.c.054,0,0,0,0,0,0,0,0,0,0,0,0,0,0,0,0,0,0,0,0,0,0,0,0,0.0138217,0,0,0,0,0,0,0,0,0,0,0,0,0,0,0,0,0,0,0,0,0,0,0,0,0,0,0,0,0,0,0,0,0,0,0,0,0,0,0,0,0,0,0,0,10.79474775,0,0,0,0,0,0,0,0,0,0,0,0,0,0,0,0,0,0,81.78299931,0,0,0,0,0,0,0,0,0,0,0,0,0,0,0,0,0,0,0,0,0,0,0,0,0,0,0,0,0,0,0,0,0,0,0,0,0,0,0,0,0,0,0,0,0,0,0,0,0,0,0,0,0,0,0,0,0,0,0,0,0,0,7.408431237,0,0,0,0,0,0,0,0,0,0,0,0,0,0,0,0,0,0,0,0,0,0,0,0,0,0,0,0,0,0,0,0,0,0,0,0,0,0,0,0,0,0,0,0,0,0,0,0,0,0,0,0,0,0,0,0,0,0,0,0,0,0,0,0,0,0
100011.c.053,0,0,0,0,0,0,0,0,0,0,0,0,0,0,0,0,0,0,0,0,0,0,0,0,0,0,0,0,0,0,0,0,0,0,0,0,0,0,0,0,0,0,0,0,0,0,0,0,0,0,0,0,0,0,0,0,0,0,0,0,0,0,0,0,0,0,0,0,0,0,0,0,0,0,0,0,0,0,0,0,0,0,0,6.185504798,0,0,0,0,9.576971818,0,0,0,0,0,0,0,0,0,0,0,0,0,0,0,0,0,0,0,0,0,0,0,0,0,0,0,0,0,0,0,0,0,0,0,0,0,0,0,0,0,0,0,0,0,0,0,0,0.229316275,0,0,0,0,0,0,0,0,0,0,0,0,0,84.00820711,0,0,0,0,0,0,0,0,0,0,0,0,0,0,0,0,0,0,0,0,0,0,0,0,0,0,0,0,0,0,0,0,0,0,0,0,0,0,0,0,0,0,0,0,0,0,0,0,0,0,0,0,0,0,0,0,0,0,0,0,0,0,0,0,0,0
100012.c.058,0,0,0,0,0,0,0,0,0,0,0,0,0,0,0,0,0,0,0,0,0,0,0,0,0.035049459,0,0,0,0,0,0,0,0,0,0,0,0,0,0,0,0,0,0,0,0,0,0,0,0,0,0,0,0,0,0,0,0,0,0,0,0,0,0,0,0,0,0,0,0,0,0,0,0,0,0,0,0,0,0,0,0,0,0,0,0,0,0,0,84.41077966,0,0,0,0,0,0,0,0,0,0,0,0,0,0,0,0,0,0,0,0,0,0,0,0,0,0.031155074,0,0,0,0,0,0,0,0,0,0,0,0,0,0,0,0,0,0,0,0,0,15.24262014,0,0,0,0,0,0,0,0,0,0,0,0,0,0,0.280395669,0,0,0,0,0,0,0,0,0,0,0,0,0,0,0,0,0,0,0,0,0,0,0,0,0,0,0,0,0,0,0,0,0,0,0,0,0,0,0,0,0,0,0,0,0,0,0,0,0,0,0,0,0,0,0,0,0,0,0,0,0,0,0,0,0,0
100012.c.057,0,0,0,0,0,0,0,0,0,0,0,0,0,0,0,0,0,0,0,0,0,0,0,0,0,0,0,0,0,0,0,0,0,0,0,0,0,0,0,0,0,0,0,0,0,0,0,0,0,0,0,0,0,0,0,0,0,0,0,0,0,0,0,0,0,0,0,0,0,0,0,0,0,0,0,0,0,0,0,0,0,0,0,0.103794257,0,0,0,0.582401107,0.1210933,0,0,0,0.017299043,0,0,0,0,0,0,0,0,0,0,0,0,0,0,0,0,0,0,0,0,0,0,0,0,0,0,0,0,0,0,0,0,0,0,0,0.017299043,0,0,0,0,0,0,0,0.080728866,0,0,0,0,0,0,0,0,0,0,0,0,0,0,99.07738438,0,0,0,0,0,0,0,0,0,0,0,0,0,0,0,0,0,0,0,0,0,0,0,0,0,0,0,0,0,0,0,0,0,0,0,0,0,0,0,0,0,0,0,0,0,0,0,0,0,0,0,0,0,0,0,0,0,0,0,0,0,0,0,0,0,0
100012.c.056,0,0,0,0,0,0,0,0,0,0,0,0,0,0,0,0,0,0,0,0,0,0,0,0,0.018219361,0,0,0,0,0,0,0,0,0,0,0,0,0,0,0,0,0,0,0,0,0,0,0,0,0,0,0,0,0,0,0,0,0,0,0,0,0,0,0,0,0,0,0,0,0.115389287,0,0,0,0,0,0,0,0,0,0,0,0,0,11.18668772,0,7.251305721,0,0.054658083,0.145754889,0,0,0,0.048584963,0,0,0,0.066804324,0,0,0,0,0,0,0,0,0,0,0,0,0,0,0,0,0,0.060731204,0,0,0,0,0,0,0,0,0,0,0,0,0,0,0,0,0,0,0,0,0,0.139681768,0,0,0,0,0,0,0,0,0,0,0,0,0,0,80.68747723,0,0,0,0.224705454,0,0,0,0,0,0,0,0,0,0,0,0,0,0,0,0,0,0,0,0,0,0,0,0,0,0,0,0,0,0,0,0,0,0,0,0,0,0,0,0,0,0,0,0,0,0,0,0,0,0,0,0,0,0,0,0,0,0,0,0,0,0
100012.c.055,0,0,0,0,0,0,0,0,0,0,0,0,0,0,0,0,0,0,0,0,0,0,0,0,0.045162585,0,0,0,0,0,0,0,0,0,0,0,0,0,0,0,0,0,0,0,0,0,0,0,0,0,0,0,0,0,0,0,0,0,0,0,0,0,0,0,0,0,0,0,0,0,0,0,0,0,0,0,0.025090325,0,0,0,0,0,0,0,0,0,0,0,77.58430349,0,0,0,0,0,0,0,0,0,0,0,0,0,0,0.03010839,0,0,0,0,0,0,0,0,0,0,22.27017262,0,0,0,0,0,0,0,0,0,0,0,0,0,0,0,0,0,0,0,0,0,0,0,0,0,0,0,0,0,0,0,0,0,0,0,0,0.045162585,0,0,0,0,0,0,0,0,0,0,0,0,0,0,0,0,0,0,0,0,0,0,0,0,0,0,0,0,0,0,0,0,0,0,0,0,0,0,0,0,0,0,0,0,0,0,0,0,0,0,0,0,0,0,0,0,0,0,0,0,0,0,0,0,0,0
100012.c.054,0,0,0,0,0,0,0,0,0,0,0,0,0,0,0,0,0,0,0,0,0,0,0,0,0,0,0,0,0,0,0,0,0,0,0,0,0,0,0,0,0,0,0,0,0,0,0,0,0,0,0,0,0,0,0,0,0,0,0,0,0,0,0,0,0,0,0,0,0,0,0,0,0,0,0,0,0,0,0,0,0.042236418,0,0,0.591309857,0,0,0,0.105591046,49.3690935,0,0,0,0,0,0,0,0,0,0,0,0,0,0,0,0,0,0,0,0,0,0,0.021118209,0,0,0.718019112,0,0,0,0,0,0,0,0,0,0,0,0,0,0,0,0,0,0,0,0,0,0,0.031677314,0,0,0,0,0.095031941,0,0,0,0,0,0,0,0,49.0259226,0,0,0,0,0,0,0,0,0,0,0,0,0,0,0,0,0,0,0,0,0,0,0,0,0,0,0,0,0,0,0,0,0,0,0,0,0,0,0,0,0,0,0,0,0,0,0,0,0,0,0,0,0,0,0,0,0,0,0,0,0,0,0,0,0,0
100012.c.053,0,0,0,0,0,0,0,0,0,0,0,0,0,0,0,0,0,0,0,0,0,0,0,0,0,0,0,0,0,0,0,0,0,0,0,0,0,0,0,0,0,0,0,0,0,0,0,0,0,0,0,0,0,0,0,0,0,0,0,0,0,0,0,0,0,0,0,0,0,0,0,0,0,0,0,0,0.02381803,0.053590568,0,0,0.02381803,0,0,0.166726212,0,0,0,0,0,0,0,0,0,0,0,0,0,0,0,0,0.029772538,0,0.273907348,2.060259617,0,0,0,0,0,0,0,0.160771704,0,0,0,0.119090151,0,0,0,0,0,0,0,0,0,0,0.02381803,0,0.04763606,0,0,0,0,0.238180302,0,0,0,0,0,0,0,0,0,0,0,0,0,0,0,0,0,96.77861141,0,0,0,0,0,0,0,0,0,0,0,0,0,0,0,0,0,0,0,0,0,0,0,0,0,0,0,0,0,0,0,0,0,0,0,0,0,0,0,0,0,0,0,0,0,0,0,0,0,0,0,0,0,0,0,0,0,0,0,0,0,0,0,0,0,0
100014.c.057,0,0,0,0,0,0,0,0,0,0,0,0,0,0,0,0,0,0,0,0,0,0,0,0,0,0,0,0,0,0,0,0,0,0,0,0,0,0,0,0,0,0,0,0,0,0,0,0,0,0,0,0,0,0,0,0,0,0,0,0,0,0,0,0,0,0,0,0,0,78.57790228,0,0,0,0,0,0,0,0,0,0,0,0,0,0,0,0,0,0,0,0,0,0,0,0,0,0,0,0,0,0,0,0,0,0,0,0,0,0,0,0,0,0,0,0,0,0,0,0,0,0,0,0,0,0,0,0,0,0,0,0,0,0,0,0,0,0,0,0,0,0,0,0,0,0,0,0,0,0,0,0,0,21.42209772,0,0,0,0,0,0,0,0,0,0,0,0,0,0,0,0,0,0,0,0,0,0,0,0,0,0,0,0,0,0,0,0,0,0,0,0,0,0,0,0,0,0,0,0,0,0,0,0,0,0,0,0,0,0,0,0,0,0,0,0,0,0,0,0,0,0
100014.c.056,0,0,0,0,0,0,0,0,0,0,0,0,0,0,0,0,0,0,0,0,0,0,0,0,0.017869907,0,0,0,0,0,0,0,0,0,0,0,0,0,0,0,0,0,0,0,0,0,0,0,0,0,0,0,0,0,0,0,0,0,0,0,0,0,0,0,0,0,0,0,0,10.77555397,0,0,0,0,0,0,0,0,0,0,0,0,0,0,0,0,0,0,0.053609721,0,0,0,0,0,0,0,0,0,0,0,0,0,0,0.053609721,0,0,0,0,0,0,0,0,0,0,0,0,0,0,0,0,0,0,0,0,0,0,0,0,0,0,0,0,0,0,0,0,0,0.366333095,0,0,0,0,0,0,0,0,0,0.022337384,0,0,0,88.7106862,0,0,0,0,0,0,0,0,0,0,0,0,0,0,0,0,0,0,0,0,0,0,0,0,0,0,0,0,0,0,0,0,0,0,0,0,0,0,0,0,0,0,0,0,0,0,0,0,0,0,0,0,0,0,0,0,0,0,0,0,0,0,0,0,0,0
100014.c.055,0,0,0,0,0,0,0,0,0,0,0,0,0,0,0,0,0,0,0,0,0,0,0,0,0,0,0,0,0,0,0,0,0,0,0,0,0,0,0,0,0,0,0,0,0,0,0,0,0,0,0,0,0.012086783,0,0,0,0,0,0,0,0,0,0,0,0,0,0,0,0,0,0,0,0,0,0,0,0,0,0,0,0,0,0,0.024173566,0,0,0,0.042303741,0.163171572,0,0,0,0,0,0,0,0,0,0,0,0,0,0,0,0,0,0,0,0,0,0,0,0,0,0,0,0,0,0,0,0,0,0,0,0,0,0,0,0,0,0,0,0,0,0,0,0,0,0,0,0,0,0,0,0,0,0,0,0,0,0,99.75826434,0,0,0,0,0,0,0,0,0,0,0,0,0,0,0,0,0,0,0,0,0,0,0,0,0,0,0,0,0,0,0,0,0,0,0,0,0,0,0,0,0,0,0,0,0,0,0,0,0,0,0,0,0,0,0,0,0,0,0,0,0,0,0,0,0,0
100014.c.054,0,0,0,0,0,0,0,0,0,0,0,0,0,0,0,0,0,0,0,0,0,0,0,0,0,0,0,0,0,0,0,0,0,0,0,0,0,0,0,0,0,0,0,0,0,0,0,0,0,0,0,0,0,0,0,0,0,0,0,0,0,0,0,0,0,0,0,0,0,0,0,0,0,0,0,0.053558677,0,0,0,0,0,0,0,0.22018567,0,0,0,0.714115687,13.03261128,0,0,0,0,0,0,0,0.089264461,0,0,0,0,0,0,0.023803856,0,0,0,0.243989526,0,0,0.398714592,0,0,0,10.02737443,0,0,0,0,0,0,0,0.089264461,0,0,0,0,0,0,0,0,0,0,0,0,0,16.97810045,0,0,0,0,0,0,0,0,0,0,0,0,0,0,57.41490121,0,0,0,0,0,0,0,0,0,0,0,0,0,0,0,0,0,0.136872173,0,0,0,0,0,0,0,0,0,0,0,0,0,0,0,0,0,0,0,0,0,0,0,0,0,0,0,0.577243513,0,0,0,0,0,0,0,0,0,0,0,0,0,0,0,0,0,0,0,0
100015.c.055,0,0,0,0,0,0,0,0,0,0,0,0,0,0,0,0,0,0,0,0,0,0,0,0,0.029893877,0,0,0,0,0,0,0,0,0,0,0,0,0,0,0,0,0,0,0,0,0,0,0,0,0,0,0,0,0,0,0,0,0,0,0,0,0,0,0,0,0,0,0,0,0,0,0,0,0,0,0,0,0,0,0,0,0,0,1.733844851,0,0,0,0.024911564,0.388620398,0,0,0,0,0,0,0,0,0,0,0,0,0,0,0,0,0,0,2.356633949,0,0,0,0,0,0,0.039858502,0,0,0,0,0,0,0,0,0,0,0,0,0,0,0,0,0,0,0,0,0,85.48154053,0,0,0,0,0,0,0,0,0,0,0,0,0,0,9.944696328,0,0,0,0,0,0,0,0,0,0,0,0,0,0,0,0,0,0,0,0,0,0,0,0,0,0,0,0,0,0,0,0,0,0,0,0,0,0,0,0,0,0,0,0,0,0,0,0,0,0,0,0,0,0,0,0,0,0,0,0,0,0,0,0,0,0
100015.c.054,0,0,0,0,0,0,0,0,0,0,0,0,0,0,0,0,0,0,0,0,0,0,0,0,0.026743927,0,0,0,0,0,0,0,0,0,0,0,0,0,0,0,0,0,0,0,0,0,0,0,0,0,0,0,0,0,0,0,0,0,0,0,0,0,0,0,0,0,0,0,0,0,0,0,0,0,0,0,0,0,0,0,0,0,0,1.020726543,0,0,0,0.017829285,44.12302206,0,0,0,0,0,0,0,0,0,0,0,0,0,0,0.035658569,0,0,0,7.474927569,0,0,0,0,0,0,0,0,0,0,0,0,0,0,0,0,0,0,0,0,0,0,0,0,0,0,0,0,29.45397816,0,0,0,0,0,0,0,0,0,0,0,0,0,0,17.84711388,0,0,0,0,0,0,0,0,0,0,0,0,0,0,0,0,0,0,0,0,0,0,0,0,0,0,0,0,0,0,0,0,0,0,0,0,0,0,0,0,0,0,0,0,0,0,0,0,0,0,0,0,0,0,0,0,0,0,0,0,0,0,0,0,0,0
100015.c.052,0,0,0,0,0,0,0,0,0,0,0,0,0,1.055602007,0,0,0,0,0,0,0,0,0,0,0.015677258,0,0,0,0,0,0,0,0,0,0,0,0,0,0,0,0,0,0,0,0,0,0,0,0,0,0,0,0,0,0,0,0,0,0,0,0,0,0,0,0,0,0,0,0,0,0,0,0,0,0,0,0,0,0,0.276964883,0,0,0,3.22951505,0,0.825668896,0,0.637541806,1.896948161,0,0,0,0.371028428,0,0,0,0,0,0,0,0,0,0,0.094063545,0,0,0,0.433737458,0,0.909280936,0.245610368,0,0,0,0.799540134,0,0,0,0,0,0,0,0,0,0,0,0,0,0.088837793,0,0,0,0,0,2.665133779,0,1.651337793,0,0,0,0,0,3.088419732,0,0,0,0,0,0,0,0,78.3235786,0,0,0,0,0,0,0,0,0,0,0,0,0,0,0,0,0,0,0,0,0,0,0,0,0,0,0,0,0,0,0,0,0,0,0,0,0,0,0,0,0,0,0,0,0,2.377717391,0,0,0,0,0,0,0,0,0,0,0,0,0,1.013795987,0,0,0,0,0,0
100016.c.057,0,0,0,0,0,0,0,0,0,0,0,0,0,0,0,0,0,0,0,0,0,0,0,0,0,0,0,0,0,0,0,0,0,0,0,0,0,0,0,0,0,0,0,0,0,0,0,0,0,0,0,0,0,0,0,0,0,0,0,0,0,0,0,0,0,0,0,0,0,0,0,0,0,0,0,0,0,0,0,1.937586341,0,0,0,0.37547377,0,0.010626616,0,0.007084411,2.02259927,0,0,0,0,0,0,0,0,0,0,0,0,0,0,0,0,0,0,0.75094754,0,0,0,0,0,0,0,0,0,0,0,0,0,0,0,0,0,0,0,0,0.017711027,0,0,0,0,0,0,0,91.82104778,0.074386313,0,0,0,0,0,0,0,0,0,0,0,0,0,2.982536927,0,0,0,0,0,0,0,0,0,0,0,0,0,0,0,0,0,0,0,0,0,0,0,0,0,0,0,0,0,0,0,0,0,0,0,0,0,0,0,0,0,0,0,0,0,0,0,0,0,0,0,0,0,0,0,0,0,0,0,0,0,0,0,0,0,0
100016.c.056,0,0,0,0,0,0,0,0,0,0,0,0,0,0,0,0,0,0,0,0,0,0,0,0,0.026732607,0,0,0,0,0,0,0,0,0,0,0,0,0,0,0,0,0,0,0,0,0,0,0,0,0,0,0,0,0,0,0,0,0,0,0,0,0,0,0,0,0,0,0,0,0,0,0,0,0,0,0,0,0,0,15.11728931,0,0,0,0.928958097,0,0,0,0,21.69351066,0,0,0,0,0,0,0,0,0,0,0,0,0,0,0,0,0,0,0.9423244,0,0,0,0,0,0,0.100247277,0,0,0,0,0,0,0,0,0,0,0,0,0,0,0,0,0,0,0,0,0,56.29887055,0.334157589,0,0,0,0,0,0,0,0,0,0,0,0,0,4.55790951,0,0,0,0,0,0,0,0,0,0,0,0,0,0,0,0,0,0,0,0,0,0,0,0,0,0,0,0,0,0,0,0,0,0,0,0,0,0,0,0,0,0,0,0,0,0,0,0,0,0,0,0,0,0,0,0,0,0,0,0,0,0,0,0,0,0
100016.c.055,0,0,0,0,0,0,0,0,0,0,0,0,0,0,0,0,0,0,0,0,0,0,0,0,0,0,0,0,0,0,0,0,0,0,0,0,0,0,0,0,0,0,0,0,0,0,0,0,0,0,0,0,0,0,0,0,0,0,0,0,0,0,0,0,0,0,0,0,0,0,0,0,0,0,0,0,0,0,0,17.97619928,0,0,0,0.199571291,0,0,0,0.036957647,2.047453618,0,0,0,0,0,0,0,0,0,0,0,0,0,0,0,0,0,0,1.552221155,0,0,0,0,0,0,0,0,0,0,0,0,0,0,0,0,0,0,0,0,0,0,0,0,0,0,0,0,69.16253973,0.266095055,0,0,0,0,0,0,0,0,0,0,0,0,0,8.758962229,0,0,0,0,0,0,0,0,0,0,0,0,0,0,0,0,0,0,0,0,0,0,0,0,0,0,0,0,0,0,0,0,0,0,0,0,0,0,0,0,0,0,0,0,0,0,0,0,0,0,0,0,0,0,0,0,0,0,0,0,0,0,0,0,0,0
100016.c.054,0,0,0,0,0,0,0,0,0,0,0,0,0,0,0,0,0,0,0,0,0,0,0,0,0,0,0,0,0,0,0,0,0,0,0,0,0,0,0,0,0,0,0,0,0,0,0,0,0,0,0,0,0,0,0,0,0,0,0,0,0,0,0,0,0,0,0,0,0,0,0,0.480527463,0,0,0,0.089400458,0,0,0,11.67234732,0,0,0,0,0,0.648153322,0,0.324076661,0.12292563,0,0,0,0.100575515,0,0,0,0,0,0.106163044,0.094987987,0,0,0,0,0,0,0,1.039280326,0,0.312901604,0,0,0,0,0,0,0.318489132,0,0,0,0,0,0,0,0,0,0,0,0,0,0,0,0,0,0,0,67.67614684,0,0,0,0,0,0.173213388,0,0,0,0,0,0,0.20673856,0.195563502,16.3714589,0,0,0,0,0,0,0,0,0,0,0,0,0,0,0,0,0,0,0,0,0,0,0,0,0,0,0,0,0,0,0,0,0,0,0,0,0,0,0.067050344,0,0,0,0,0,0,0,0,0,0,0,0,0,0,0,0,0,0,0,0,0,0,0,0,0,0,0
100016.c.053,0,0,0,0,0,0,0,0,0,0,0,0,0,0,0,0,0,0,0,0,0,0,0,0,0,0,0,0,0,0,0,0,0,0,0,0,0,0,0,0,0,0,0,0,0,0,0,0,0,0,0,0,0,0,0,0,0,0,0,0,0,0,0,0,0,0,0,0,0,0,0,0,0,0,0,0,0,0,0,0,0,0,0,1.26758778,0,0,0,0.1140829,0.101407022,0,0,0,0,0,0,0,0,0,0,0,0,0,0,0,0,0,0,0,0,0,0,0,0,0.735200913,0,0,0,0,0,0,0,0,0,0,0,0,0,0,0,0,0,0,0,0,0.152110534,0,0.088731145,0,0,0,0,0,0,0,0,0,0,0,0,0,0,97.54087971,0,0,0,0,0,0,0,0,0,0,0,0,0,0,0,0,0,0,0,0,0,0,0,0,0,0,0,0,0,0,0,0,0,0,0,0,0,0,0,0,0,0,0,0,0,0,0,0,0,0,0,0,0,0,0,0,0,0,0,0,0,0,0,0,0,0
100050.c.057,0,0,0,0,0,0,0,0,0,0,0,0,0,0,0,0,0,0,0,0,0,0,0,0,0,0,0,0,0,0,0,0,0,0,0,0,0,0,0,0,0,0,0,0,0,0,0,0,0,0,0,0,0,0,0,0,0,0,0,0,0,0,0,0,0,0,0,0,0,0,0,0,0,0,0,0,0,0,0,0.048045425,0.021838829,0,0,0,0,0,0,0.048045425,88.67438305,0,0,0,0,0,0,0,0,0.048045425,0,0,0,0.165975104,0,0.048045425,0,0,0.048045425,0,0,0,0,0,0,0,9.412535488,0,0,0,0,0,0,0,0,0,0,0,0,0,0.030574361,0,0,0,0,0,0,0,0.17034287,1.227342214,0,0,0,0,0,0,0,0,0,0,0,0,0,0.056780957,0,0,0,0,0,0,0,0,0,0,0,0,0,0,0,0,0,0,0,0,0,0,0,0,0,0,0,0,0,0,0,0,0,0,0,0,0,0,0,0,0,0,0,0,0,0,0,0,0,0,0,0,0,0,0,0,0,0,0,0,0,0,0,0,0,0
100050.c.052,0,0,0,0,0,0,0,0,0,0,0,0,0,0,0,0,0,0,0,0,0,0,0,0,0,0,0,0,0,0,0,0,0,0,0,0,0,0,0,0,0,0,0,0,0,0,0,0,0,0,0,0,0,0,0,0,0,0,0,0,0,0,0,0,0,0,0,0,0,0,0,0,0,0,0,0,0,0,0,7.344274761,0.012673468,0,0,0,0,0,0,0,52.74697421,0,0,0,0,0,0,0,0,3.884417971,0,0,0,0,0,0.022178569,0,0,0,0,0,0,0,0,0,0,0,0,0,0,0,0,0,0,0,0,0,0,0,0,0,0,0,0,0,0,0,0,0,35.81522084,0,0,0,0,0,0,0,0,0,0,0,0,0,0.057030606,0,0,0,0,0,0,0,0,0,0,0,0,0,0,0,0,0,0,0,0,0,0,0,0,0,0,0,0,0,0,0,0,0,0,0,0,0,0,0,0,0,0,0,0,0,0,0,0,0,0,0,0,0,0,0,0,0,0,0,0,0,0,0,0.11722958,0,0
100050.c.051,0,0,0,0,0,0,0,0,0,0,0,0,0,0,0,0,0,0,0,0,0,0,0,0,0,0,0,0,0,0,0,0,0,0,0,0,0,0,0,0,0,0,0,0,0,0,0,0,0,0,0,0,0,0,0,0,0,0,0,0,0,0,0,0,0,0,0,0,0,0,0,0,0,0,0,0,0.03973181,0,0,1.266451453,0.03973181,0,0,0.367519245,0,0,0,0,78.2418674,0,0,0,0,0,0,0,0,0,0,0,0,0,0.019865905,0.03973181,0,0,0,0.029798858,0,0,0,0.163893717,0,0,0,0.009932953,0,0,0,0,0,0,0,0,0,0.009932953,0,0,0,0,0,0,0.019865905,0.084430097,0,0,0,19.37422399,0,0,0,0,0,0,0,0,0,0,0,0,0,0.263223243,0,0,0,0,0,0,0,0,0,0,0,0,0,0,0,0,0,0,0,0,0,0,0,0,0,0,0,0,0,0,0,0,0,0,0,0,0,0,0,0,0,0,0,0,0,0,0,0,0,0,0,0,0,0,0,0,0,0,0,0,0,0,0,0.029798858,0,0
100001.c.064,0,0,0,0,0,0,0,0,0,0,0,0,0,0,0,0,0,0,0,0,0,0,0,0,0,0,0,0,0,0,0,0,0,0,0,0,0,0,0,0,0,0,0,0,0,0,0,0,0,0,0,0,0,0,0,0,0,0,0,0,0,0,0,0,0,0,0,0,0,0,0,0,0,0,0,0,0,0,0,0,0,0,0,0,0,0,0,0,76.13135469,0,0,0,0,0,0,0,0,0,0,0,0,0,0,0,0,0,0.07346459,0,0,0,0,0,0,0,22.65647958,0,0,0,0,0,0,0,0,0,0,0,0,0,0.154275639,0,0,0,0,0,0,0,0.984425507,0,0,0,0,0,0,0,0,0,0,0,0,0,0,0,0,0,0,0,0,0,0,0,0,0,0,0,0,0,0,0,0,0,0,0,0,0,0,0,0,0,0,0,0,0,0,0,0,0,0,0,0,0,0,0,0,0,0,0,0,0,0,0,0,0,0,0,0,0,0,0,0,0,0,0,0,0,0,0,0,0
100001.c.066,0,0,0,0,0,0,0,0,0,0,0,0,0,0,0,0,0,0,0,0,0,0,0,0,0,0,0,0,0,0,0,0,0,0,0,0,0,0,0,0,0,0,0,0,0,0,0,0,0,0,0,0,0,0,0,0,0,0,0,0,0,0,0,0,0,0,0,0,0,0,0,0,0,0,0,0,0,0,0,0,0,0,0,0.018702076,0,0,0,0,85.2954928,0,0,0,0,0,0,0,0,0,0,0,0,0,0,0,0,0,0,0,0,0,0,0.107536937,0,0,11.33813353,0,0,0,0,0,0,0,0,0,0,0,0,0,0.149616607,0,0,0,0,0,0,0,3.043762858,0,0,0,0,0,0,0,0,0,0,0,0,0,0,0.028053114,0,0,0,0,0,0,0,0,0,0,0,0,0,0,0,0,0,0,0,0,0,0,0,0,0,0,0,0,0,0,0,0,0,0,0,0,0,0,0,0,0,0,0,0,0,0,0,0,0,0,0,0,0,0,0,0,0,0,0,0,0,0,0,0.018702076,0,0
100001.c.067,0,0,0,0,0,0,0,0,0,0,0,0,0,0,0,0,0,0,0,0,0,0,0,0,0,0,0,0,0,0,0,0,0,0,0,0,0,0,0,0,0,0,0,0,0,0,0,0,0,0,0,0,0,0,0,0,0,0,0,0,0,0,0,0,0,0,0,0,0,0,0,0,0,0,0,0,0,0,0,0,0,0,0,0.708606982,0,3.015900449,0,7.293466989,46.89768406,0,0,0,3.9146215,0,0,0,0.198755617,0,0,0,0,0,0.034566194,0.42343588,0,0,0,0,0,0,0,0.12098168,0.354303491,0,2.799861735,0,0,0,0,0,0,0,0,0,0,0,0,0,0,0,0,0,0,0,0,0,28.69858279,0,0,0,0,0,4.605945385,0,0,0,0,0,0,0,0,0.933287245,0,0,0,0,0,0,0,0,0,0,0,0,0,0,0,0,0,0,0,0,0,0,0,0,0,0,0,0,0,0,0,0,0,0,0,0,0,0,0,0,0,0,0,0,0,0,0,0,0,0,0,0,0,0,0,0,0,0,0,0,0,0,0,0,0,0
100001.c.069,0,0,0,0,0,0,0,0,0,0,0,0,0,0,0,0,0,0,0,0,0,0,0,0,0,0,0,0,0,0,0,0,0,0,0,0,0,0,0,0,0,0,0,0,0,0,0,0,0,0,0,0,0,0,0,0,0,0,0,0,0,0,0,0,0,0,0,0,0,0,0,0,0,0,0,0,0,0,0,0,0,0,0,0,0,0,0,0,46.68838219,0,0,0,0,0,0,0,0,0,0,0,0,0,0,0,0,0,1.115936784,0,0,0,0,10.15804078,0,0,2.153456388,0,0,0,0,0,0,0,0,0,0,0,0,0,28.6102063,0,0,0,0,0,0,0,11.27397756,0,0,0,0,0,0,0,0,0,0,0,0,0,0,0,0,0,0,0,0,0,0,0,0,0,0,0,0,0,0,0,0,0,0,0,0,0,0,0,0,0,0,0,0,0,0,0,0,0,0,0,0,0,0,0,0,0,0,0,0,0,0,0,0,0,0,0,0,0,0,0,0,0,0,0,0,0,0,0,0,0
100001.c.070,0,0,0,0,0,0,0,0,0,0,0,0,0,0,0,0,0,0,0,0,0,0,0,0,0.14337407,0,0,0,0,0,0,0,0,0,0,0,0,0,0,0,0,0,0,0,0,0,0,0,0,0,0,0,0,0,0,0,0,0,0,0,0,0,0,0,0,0,0,0,0,0,0,0,0,0,0,0,0,0,0,0,0,0,0,0,0,0,0,0.034136683,16.74745682,0,0,0,0,0,0,0,0,0,0,0,0,0,0.034136683,0.068273367,0,0,0.648596982,0,0,0,0,45.68170957,0,0,0.068273367,0,0,0,0,0,0,0,0,0,0,0,0,0,1.044582508,0,0,0,0,0,0,0,35.31098518,0,0,0,0,0,0,0,0,0,0,0.034136683,0,0,0,0.14337407,0,0,0,0,0,0,0,0,0,0,0,0,0,0,0,0,0,0,0,0,0,0,0,0,0,0,0,0,0,0,0,0,0,0,0,0,0,0,0,0,0,0,0,0,0,0,0,0,0,0,0,0,0,0,0,0,0,0,0,0,0,0,0,0.04096402,0,0
100003.c.063,0,0,0,0,0,0,0,0,0,0,0,0,0,0,0,0,0,0,0,0,0,0,0,0,0,0,0,0,0,0,0,0,0,0,0,0,0,0,0,0,0,0,0,0,0,0,0,0,0,0,0,0,0,0,0,0,0,0,0,0,0,0,0,0,0,0,0,0,0,0,0,0,0.183308173,0,0,0,1.606642226,0.528358853,0,1.35863705,0.194091007,0,0,0.301919344,0,0.17252534,0,3.914168644,9.305585508,0,0,0,1.671339228,0,0,0,0.614621523,0.204873841,0,0,0,0,3.666163468,32.75824887,0,0,0,0,0,0,0,17.75932715,0,0,0,0.668535691,0,0,0,0,0,2.577097261,0,0,0,0.711667026,2.771188268,0,3.525986629,0,0,0.539141686,0,3.148587449,0,0,0.129394005,1.056717705,0,0,0,0,0.075479836,0,0,0,0,0,0.064697002,0,0,8.960534829,0,0,0,0,0.301919344,0,0,0,0,0,0,0,0,0,0,0,0,0,0,0,0.226439508,0,0,0,0,0,0,0,0,0,0,0,0,0,0,0,0,0,0,0,0,0.700884192,0,0,0.215656675,0,0,0,0,0,0,0,0,0,0,0,0,0,0,0,0,0,0,0.08626267,0,0
100004.c.060,0,0,0,0,0,0,0,0,0,0,0,0,0,0,0,0,0,0,0,0,0,0,0,0,0,0,0,0,0,0,0,0,0,0,0,0,0,0,0,0,0,0,0,0,0,0,0,0,0,0,0,0,0,0,0,0,0,0,0,0,0,0,0,0,0,0,0,0,0,0,0,0,0,0,0,0,0,0,0,2.863720591,0,0,0,0,0,0,0,0.028075692,92.85754394,0,0,0,0,0,0,0,0,0.028075692,0,0,1.021955191,0.022460554,0,0.039305969,0,0,0,0,0,0,0,0.112302768,0.016845415,0,1.353248358,0,0,0,0,0,0,0,0,0,0,0,0,0,0.050536246,0,0,0,0,0,0,0,1.465551126,0,0.044921107,0,0,0,0.028075692,0,0,0,0,0,0,0,0,0,0,0,0,0,0,0,0,0,0,0,0,0,0,0,0,0,0,0,0,0,0,0,0,0,0,0,0,0,0,0,0,0,0,0,0,0,0,0,0,0,0,0.044921107,0,0,0,0,0,0,0,0,0,0,0,0,0,0,0,0,0,0,0,0,0,0.022460554,0,0
100005.c.056,0,0,0,0,0,0,0,0,0,0,0,0,0,0,0,0,0,0,0,0,0,0,0,0,0,0,0,0,0,0,0,0,0,0,0,0,0,0,0,0,0,0,0,0,0,0,0,0,0,0,0,0,0,0,0,0,0,0,0,0,0,0,0,0,0,0,0,0,0,1.699877644,0,0.013109596,0,0,0,0,0,0,0,0.262191924,0,0,0,0.043698654,0,0,0.314630309,0.126726097,25.30589058,0,0,0,0.301520713,0,0,0,0.030589058,6.886907883,0,0,0,0,0,0,0,0,0.043698654,0.144205558,0,0,0,2.897220766,0.013109596,0,10.59692361,0,0,0,0,0,0,0.052438385,0,0,0,0.170424751,0,0,48.33945114,0,0,0,0,0,0.812794966,0,1.258521238,0,0,0,0,0,0,0,0,0,0,0,0,0,0,0.686068869,0,0,0,0,0,0,0,0,0,0,0,0,0,0,0,0,0,0,0,0,0,0,0,0,0,0,0,0,0,0,0,0,0,0,0,0,0,0,0,0,0,0,0,0,0,0,0,0,0,0,0,0,0,0,0,0,0,0,0,0,0,0,0,0,0,0
100005.c.058,0,0,0,0,0,0,0,0,0,0,0,0,0,0,0,0,0,0,0,0,0,0,0,0,0,0,0,0,0,0,0,0,0,0,0,0,0,0,0,0,0,0,0,0,0,0,0,0,0,0,0,0,0,0,0,0,0,0,0,0,0,0,0,0,0,0,0,0,0,0,0,0,0,0,0,0,0.054374691,0,0.049431537,1.433514582,0,0,0,0,0,0,0.197726149,0,36.21848739,0,0,0,0,0,0,0,0,0.173010381,0,0,3.830944142,0,0,0.242214533,0,0,0,1.255561048,0,0,0,14.92338112,0,0,27.8200692,0,0,0,0,0,0,0,0,0,0,0.182896688,0,0,0,0,0,0,0,0,11.39396935,0,0.266930302,0,1.171527435,0,0,0,0,0,0,0,0,0,0,0,0,0.785961443,0,0,0,0,0,0,0,0,0,0,0,0,0,0,0,0,0,0,0,0,0,0,0,0,0,0,0,0,0,0,0,0,0,0,0,0,0,0,0,0,0,0,0,0,0,0,0,0,0,0,0,0,0,0,0,0,0,0,0,0,0,0,0,0,0,0
100051.c.051,0,0,0,0,0,0,0,0,0,0,0,0,0,0,0,0,0,0,0,0,0,0,0,0,0,0,0,0,0,0,0,0,0,0,0,0,0,0,0,0,0,0,0,0,0,0,0,0,0,0,0,0,0,0,0,0,0,0,0,0,0,0,0,0,0,0,0,0,0,0,0,0,0,0,0,0,0,0,0,0.015845977,0,0,0,0,0,0,0,0.071306897,52.37887731,0,0,0,0,0,0,0,0,14.05934318,0,0,1.105256903,0.007922989,0,0,0,0,0,0.043576437,0,0,0,0.182228737,0,0,17.3671909,0,0,0.11092184,0,0,0,0,0,0,0,0,0,0,0,0,0,0,0,0,0,0,12.98973973,0,0.087152874,0,0,0,0,0,0,0,0,0,0,0,0,1.580636216,0,0,0,0,0,0,0,0,0,0,0,0,0,0,0,0,0,0,0,0,0,0,0,0,0,0,0,0,0,0,0,0,0,0,0,0,0,0,0,0,0,0,0,0,0,0,0,0,0,0,0,0,0,0,0,0,0,0,0,0,0,0,0,0,0,0
100051.c.055,0,0,0,0,0,0,0,0,0,0,0,0,0,0,0,0,0,0,0,0,0,0,0,0,0,0,0,0,0,0,0,0,0,0,0,0,0,0,0,0,0,0,0,0,0,0,0,0,0,0,0,0,0,0,0,0,0,0,0,0,0,0,0,0,0,0,0,0,0,0,0,0,0,0,0,0,0,0,0,1.333210739,0,0,0,0,0,0,0,0.022986392,51.49411548,0,0,0,0,0,0,0,0,0,0,0,0,8.904928282,0,0,0,0,0,0.234461199,0,0,0,0.147112909,0,0,2.652629643,4.965060684,0,0.193085693,0,0,0,0,0,0,0,0,0,0,0,0,0,0,0,0,0,0,3.73299007,0.285031261,16.93177639,0,0,0,0,0,0,0,0,0,0,0,0,9.102611254,0,0,0,0,0,0,0,0,0,0,0,0,0,0,0,0,0,0,0,0,0,0,0,0,0,0,0,0,0,0,0,0,0,0,0,0,0,0,0,0,0,0,0,0,0,0,0,0,0,0,0,0,0,0,0,0,0,0,0,0,0,0,0,0,0,0
100052.c.054,0,0,0,0,0,0,0,0,0,0,0,0,0,0,0,0,0,0,0,0,0,0,0,0,0,0,0,0,0,0,0,0,0,0,0,0,0,0,0,0,0,0,0,0,0,0,0,0,0,0,0,0,0,0,0,0,0,0,0,0,0,0,0,0,0,0,0,0,0,0,0,0,0,0,0,0,0,0,0,0,0,0,0,0,0,0,0,0,99.16312123,0,0,0,0,0,0,0,0,0,0,0,0,0,0,0.065454205,0,0,0,0,0,0,0,0.434802936,0,0,0,0,0,0,0,0,0,0,0,0,0,0,0,0,0.056103605,0,0,0,0,0,0.158960213,0,0,0,0,0,0,0,0,0,0,0,0,0,0,0,0,0.12155781,0,0,0,0,0,0,0,0,0,0,0,0,0,0,0,0,0,0,0,0,0,0,0,0,0,0,0,0,0,0,0,0,0,0,0,0,0,0,0,0,0,0,0,0,0,0,0,0,0,0,0,0,0,0,0,0,0,0,0,0,0,0,0,0,0,0
100053.c.051,0,0,0,0,0,0,0,0,0,0,0,0,0,0,0,0,0,0,0,0,0,0,0,0,0,0,0,0,0,0,0,0,0,0,0,0,0,0,0,0,0,0,0,0,0,0,0,0,0,0,0,0,0,0,0,0,0,0,0,0,0,0,0,0,0,0,0,0,0,0,0,0,0,0,0,0,0,0,0,0,0,0,0,0,0,0,0,0,89.90448838,0,0,0,0,0,0,0,0,8.252070532,0,0,0,0,0,0,0,0,0,0,0,0,0,0.277184077,0,0,0,0,0,0,0,0,0,0,0,0,0,0,0,0,0.016697836,0,0,0,0,0,0,0,0.988511889,0.400748063,0,0,0.010018702,0,0,0,0,0,0,0,0,0,0,0.150280524,0,0,0,0,0,0,0,0,0,0,0,0,0,0,0,0,0,0,0,0,0,0,0,0,0,0,0,0,0,0,0,0,0,0,0,0,0,0,0,0,0,0,0,0,0,0,0,0,0,0,0,0,0,0,0,0,0,0,0,0,0,0,0,0,0,0
100053.c.052,0,0,0,0,0,0,0,0,0,0,0,0,0,0,0,0,0,0,0,0,0,0,0,0,0,0,0,0,0,0,0,0,0,0,0,0,0,0,0,0,0,0,0,0,0,0,0,0,0,0,0,0,0,0,0,0,0,0,0,0,0,0,0,0,0,0,0,0,0,0,0,0,0,0,0,0,0,0,0,0.12033091,0,0,0,0,0,0,0,0,96.50538982,0,0,0,0,0,0,0,0,1.303584858,0.010027576,0,0,0,0.015041364,0.030082728,0,0,0,0,0,0,0,0.200551517,0,0,0,0,0,0,0,0,0,0,0,0,0,0,0,0.010027576,0.020055152,0,0,0,0,0,0,0,1.303584858,0.431185761,0,0,0,0,0,0,0,0,0,0,0,0,0,0.050137879,0,0,0,0,0,0,0,0,0,0,0,0,0,0,0,0,0,0,0,0,0,0,0,0,0,0,0,0,0,0,0,0,0,0,0,0,0,0,0,0,0,0,0,0,0,0,0,0,0,0,0,0,0,0,0,0,0,0,0,0,0,0,0,0,0,0
100054.c.051,0,0,0,0,0,0,0,0,0,0,0,0,0,0,0,0,0,0,0,0,0,0,0,0,0,0,0,0,0,0,0,0,0,0,0,0,0,0,0,0,0,0,0,0,0,0,0,0,0,0,0,0,0,0,0,0,0,0,0,0,0,0,0,0,0,0,0,0,0,0,0,0,0,0,0,0,0,0,0,0,0,0,0,0,0,0,0,0,95.26550815,0,0,0,0,0,0,0,0,4.121159951,0,0,0,0,0,0,0,0,0,0,0,0,0,0.312046054,0,0,0,0,0,0,0,0,0,0,0,0,0,0,0,0,0,0,0,0,0,0,0,0,0.301285845,0,0,0,0,0,0,0,0,0,0,0,0,0,0,0,0,0,0,0,0,0,0,0,0,0,0,0,0,0,0,0,0,0,0,0,0,0,0,0,0,0,0,0,0,0,0,0,0,0,0,0,0,0,0,0,0,0,0,0,0,0,0,0,0,0,0,0,0,0,0,0,0,0,0,0,0,0,0,0,0,0
100054.c.052,0,0,0,0,0,0,0,0,0,0,0,0,0,0,0,0,0,0,0,0,0,0,0,0,0,0,0,0,0,0,0,0,0,0,0,0,0,0,0,0,0,0,0,0,0,0,0,0,0,0,0,0,0,0,0,0,0,0,0,0,0,0,0,0,0,0,0,0,0,0,0,0,0,0,0,0,0,0,0,0,0,0,0,0,0,0.109968303,0,0,94.15874248,0,0,0,0,0,0,0,0,4.748043211,0,0,0,0,0,0,0,0,0,0,0,0,0,0.155249369,0,0,0,0,0,0,0,0,0,0,0,0,0,0,0,0,0,0,0,0,0,0,0,0,0.718028333,0,0,0,0,0,0,0,0,0,0,0,0,0,0,0.109968303,0,0,0,0,0,0,0,0,0,0,0,0,0,0,0,0,0,0,0,0,0,0,0,0,0,0,0,0,0,0,0,0,0,0,0,0,0,0,0,0,0,0,0,0,0,0,0,0,0,0,0,0,0,0,0,0,0,0,0,0,0,0,0,0,0,0
100055.c.051,0,0,0,0,0,0,0,0,0,0,0,0,0,0,0,0,0,0,0,0,0,0,0,0,0,0,0,0,0,0,0,0,0,0,0,0,0,0,0,0,0,0,0,0,0,0,0,0,0,0,0,0,0,0,0,0,0,0,0,0,0,0,0,0,0,0,0,0,0,0,0,0,0,0,0,0,0,0,0,0,0,0,0,0.040092212,0,0,0,0,0.055126792,0,0,0,0.020046106,0,0,0,0,0,0,0,0,0,0,0.01503458,0,0,0,0,0,0,0,0.145334269,0.075172898,0,0,0,0,0,0,0,0,0,0,0,0,0,0,0,0,0,0,0,0,0,0,0,0,0.636463867,0,0,0,0,0,0,0,0,0,0,0,0,0,99.01272928,0,0,0,0,0,0,0,0,0,0,0,0,0,0,0,0,0,0,0,0,0,0,0,0,0,0,0,0,0,0,0,0,0,0,0,0,0,0,0,0,0,0,0,0,0,0,0,0,0,0,0,0,0,0,0,0,0,0,0,0,0,0,0,0,0,0
100051.c.057,0,0,0,0,0,0.069477456,0,0,0,0,0,0,0,0,0.010970125,0,0,0,0,0,0,0,0,0,0,0,0,0,0,0,0,0,0,0,0,0,0,0,0,0,0,0,0,0,0,0,0,0,0,0,0,0.014626833,0,0,0,0,0,0,0,0,0,0,0,0,0,0,0.391267781,0,0,3.8651406,0.043880499,0,0,0,0.650894065,0,0,0,0.084104289,0.296193367,0.215745786,0.131641496,0.076790873,0.380297656,0.277909826,0.109701247,5.887300252,0,24.11964749,0,0,0,0,0,0,0,0,0,0,0,0.332760449,0,0.032910374,0.577759901,0.479028778,0,0,0.749625187,0,0,0,0.084104289,0.998281347,0,6.187150327,0.117014663,0,1.802757158,0,0,0.844699601,0.127984788,0,0.37298424,0,0,0,0.197462244,8.015504443,0,0,0,0,0,0.040223791,0.307163491,0.482685487,7.368267086,28.25172779,0,0,0,0.036567082,0,0,0,0,0,0.073134165,0,0,3.996782097,0,0,0,0,0.489998903,0,0,0,0,0,0,0,0,0,0,0,0,0,0,0.292536659,0.032910374,0,0,0,0,0,0,0,0,0,0,0,0,0,0,0,0,0,0,0,0,0.032910374,0,0,0,0,0,0,0,0,0,1.049475262,0,0,0,0,0,0,0,0,0,0,0,0,0,0
100051.c.065,0,0,0,0,0,0,0,0,0,0,0,0,0,0,0,0,0,0,0,0,0,0,0,0,0,0,0,0,0,0,0,0,0,0,0,0,0,0,0,0,0,0,0,0,0.203282265,0,0,0,0,0,0,0,0,0,0,0,0,0,0,0.793296643,0,0,0,0,0,0,0,0,0,0.019832416,0,0,0.039664832,0,0,0,0.590014379,0,0,0,19.20769498,0,0,0,0.079329664,0.114036392,0,0,0,0,0,0,0,0,0,0,0,0.07437156,0,0,0.594972483,0,8.53289702,62.28370271,0,0,0,0.118994497,0,0,0,0,0,0,0,0,0,0,0,0,0,0,0,0,0,0.143785017,3.386385046,0.019832416,0.758589915,0,0,0.153701225,0.094203976,0.466061778,0.277653825,0,0,0.213198473,0,0,0,0.04958104,0,0,0,0,0,0.143785017,0.168575537,0,0,1.34364619,0,0,0,0,0,0,0,0,0,0,0,0,0,0,0,0,0,0,0,0,0,0,0,0,0,0,0,0,0,0,0,0,0,0,0,0,0,0,0,0,0,0.04958104,0,0,0,0,0,0,0,0,0,0.079329664,0,0,0,0,0,0,0,0,0,0,0,0,0,0
100052.c.055,0,0,0,0,0,0,0,0,0,0,0,0,0,0,0,0,0,0,0,0,0,0,0,0,0,0,0,0,0,0,0,0,0,0,0,0,0,0,0,0,0,0,0,0,0,0,0,0,0,0,0,0,0,0,0,0,0,0,0,0,0,0,0,0,0,0,0,0,0,0,0,0,0,0,0,0,0,0,0,0,0,0,0,0,0,0,0,0,99.72826087,0,0,0,0,0,0,0,0,0,0,0,0,0,0,0,0,0,0,0,0,0,0,0,0,0,0,0,0,0,0,0,0,0,0,0,0,0,0,0,0,0,0,0,0,0.011814745,0,0,0,0.082703214,0,0,0,0,0,0,0,0,0,0,0,0,0,0.177221172,0,0,0,0,0,0,0,0,0,0,0,0,0,0,0,0,0,0,0,0,0,0,0,0,0,0,0,0,0,0,0,0,0,0,0,0,0,0,0,0,0,0,0,0,0,0,0,0,0,0,0,0,0,0,0,0,0,0,0,0,0,0,0,0,0,0
100052.c.059,0,0,0,0,0,0,0,0,0,0,0,0,0,0,0,0,0,0,0,0,0,0,0,0,0,0,0,0,0,0,0,0,0,0,0,0,0,0,0,0,0,0,0,0,0,0,0,0,0,0,0,0,0,0,0,0,0,0,0,0,0,0,0,0,0,0,0,0,0,0,0,0,0,0,0,0,0,0,0,0,0,0,0,0,0,0,0,0,75.88721077,0,0,0,0,0,0,0,0,0.02975969,0,0,0,0,0,0,0,0,0,0,0,0,0,0.104158917,0,0,23.04144037,0,0,0,0,0,0,0,0,0,0,0,0,0,0,0,0,0,0,0,0,0,0.200877911,0,0,0,0,0,0,0,0,0,0,0,0,0,0,0.73655234,0,0,0,0,0,0,0,0,0,0,0,0,0,0,0,0,0,0,0,0,0,0,0,0,0,0,0,0,0,0,0,0,0,0,0,0,0,0,0,0,0,0,0,0,0,0,0,0,0,0,0,0,0,0,0,0,0,0,0,0,0,0,0,0,0,0
100053.c.053,0,0,0,0,0,0,0,0,0,0,0,0,0,0,0,0,0,0,0,0,0,0,0,0,0,0,0,0,0,0,0,0,0,0,0,0,0,0,0,0,0,0,0,0,0,0,0,0,0,0,0,0,0,0,0,0,0,0,0,0,0,0,0,0,0,0,0,0,0,0,0,0,0,0,0,0,0,0,0,0,0,0,0,0,0,0,0,0,100,0,0,0,0,0,0,0,0,0,0,0,0,0,0,0,0,0,0,0,0,0,0,0,0,0,0,0,0,0,0,0,0,0,0,0,0,0,0,0,0,0,0,0,0,0,0,0,0,0,0,0,0,0,0,0,0,0,0,0,0,0,0,0,0,0,0,0,0,0,0,0,0,0,0,0,0,0,0,0,0,0,0,0,0,0,0,0,0,0,0,0,0,0,0,0,0,0,0,0,0,0,0,0,0,0,0,0,0,0,0,0,0,0,0,0,0,0,0,0,0,0,0,0,0,0,0,0,0,0
100055.c.053,0,0,0,0,0,0,0,0,0,0,0,0,0,0,0,0,0,0,0,0,0,0,0,0,0,0,0,0,0,0,0,0,0,0,0,0,0,0,0,0,0,0,0,0,0,0,0,0,0,0,0,0,0,0,0,0,0,0,0,0.031449013,0,0,0,0,0,0,0,0,0,2.60240585,0,0,0,0,0,0,0,0,0,0,0,0,0,0.055035773,0,0,0,0,7.02885447,0,0,0,0,0,0,0,0,0.731189559,0,0,1.022092932,0,0,0,0,0,0,16.51073198,0,0,0,0,0.078622533,0,48.50224074,0,0,0,0,0,0,0,0,0,0,0,0,0,0,0,0,0,0,0,0,0,0,0.16510732,0,0,0,0,0,0,0,0,0,0,0,0,0,15.79526692,0,0,0,0,0,0,0,0,0,0,0,0,0,0,0,0,0,0,0,0,0,0,0,0,0,0,0,0,0,0,0,0,0,0,0,0,0,0,0,0,0,0,0,0,0,0,0,0,0,0,0,7.398380376,0,0,0,0,0,0,0,0,0,0,0,0.078622533,0,0
100055.c.054,0,0,0,0,0,0,0,0,0,0,0,0,0,0,0,0,0,0,0,0,0,0,0,0,0,0,0,0,0,0,0,0,0,0,0,0,0,0,0,0,0,0,0,0,0,0,0,0,0,0,0,0,0,0,0,0,0,0,0,0,0,0,0,0,0,0,0,0,0,0.227061015,0,0,0,0,0,0,0,0,0,0,0,0,0,4.762459245,0,0,0,0,0.046576619,0,0,0,0,0,0,0,0,0.95482068,0,0,0.08733116,0,0,0,0,0,0,40.18397764,0,0,0,5.752212389,0.128085701,0.075687005,8.017000466,0,0,0,0,0,0,0,0,0,0,0,0,3.871681416,0,0,0,0,0,0,12.58733116,0,0,0.983931067,10.00815091,0,0,0,0,0,0,0,0,0,0,0,0,7.388216116,0,0,0,0,0,0,0,0,0,0,0,0,0,0,0,0,0,0,0,0,0,0,0,0,0,0,0,0,0,0,0,0,0,0,0,0,0,0,0,0,0,0,0,0,0,0,0,0,0,0,0,3.935724266,0,0,0,0,0,0,0,0,0,0,0,0.989753144,0,0
100057.c.054,0,0,0,0,0,0,0,0,0,0,0,0,0,0,0,0,0,0,0,0,0,0,0,0,0,0,0,0,0,0,0,0,0,0,0,0,0,0,0,0,0,0,0,0,0,0,0,0,0,0,0,0,0,0,0,0,0,0,0,0,0,0,0,0,0,0,0,0,0,0,0,0,0,0,0,0,0,0,0,0,0,0,0,0,0,0,0,0,0.593723494,0,0,0,0,0,0,0,0.016963528,0,0,0,0,0,0,0,0,0,0,0,0,0,0,0,0.96692112,0,0.033927057,0,0,0,0,0,0,0,0,0,0,0,0,0,0,0,0,0,0,0,0,0,0,0.294034493,0,0,0,0,0,0,0,0,0,0,0,0,0,98.09443031,0,0,0,0,0,0,0,0,0,0,0,0,0,0,0,0,0,0,0,0,0,0,0,0,0,0,0,0,0,0,0,0,0,0,0,0,0,0,0,0,0,0,0,0,0,0,0,0,0,0,0,0,0,0,0,0,0,0,0,0,0,0,0,0,0,0
100058.c.054,0,0,0,0,0,0,0,0,0,0,0,0,0,0,0,0,0,0,0,0,0,0,0,0,0,0,0,0,0,0,0,0,0,0,0,0,0,0,0,0,0,0,0,0,0,0,0,0,0,0,0,0,0,0,0,0,0,0,0,0,0,0,0,0,0,0,0,0,0,0.035260931,0,0,0,0,0,0,0,0,0,0,0,0,0,0,0,0,0,0,95.10460743,0,0,0,0,0,0,0,0,0.558298072,0,0,0,0,0,0,0,0,0,0,0,0,0,0.023507287,0,0,0.393747062,0,0,0,0,0,0,0,0,0,0,0,0,0,0,0,0,0,0,0,0,0,0.393747062,0,0,0,0,0,0,0,0,0,0,0,0,0,0,3.490832158,0,0,0,0,0,0,0,0,0,0,0,0,0,0,0,0,0,0,0,0,0,0,0,0,0,0,0,0,0,0,0,0,0,0,0,0,0,0,0,0,0,0,0,0,0,0,0,0,0,0,0,0,0,0,0,0,0,0,0,0,0,0,0,0,0,0
100058.c.055,0,0,0,0,0,0,0,0,0,0,0,0,0,0,0,0,0,0,0,0,0,0,0,0,0,0,0,0,0,0,0,0,0,0,0,0,0,0,0,0,0,0,0,0,0,0,0,0,0,0,0,0,0,0,0,0,0,0,0,0,0,0,0,0,0,0,0,0,0,0,0,0,0,0,0,0,0,0,0,0,0,0,0,0,0,0,0,0,90.78731202,0,0,0,0,0,0,0,0,2.508530267,0,0,0,0,0,0,0,0,0,0,0,0,0,0,0.03159358,0,4.435738658,0,0,0,0,0,0,0,0,0,0,0,0,0,0,0,0,0,0,0,0,0,0.139011753,0,0,0,0,0,0,0,0,0,0,0,0,0,0,2.097813724,0,0,0,0,0,0,0,0,0,0,0,0,0,0,0,0,0,0,0,0,0,0,0,0,0,0,0,0,0,0,0,0,0,0,0,0,0,0,0,0,0,0,0,0,0,0,0,0,0,0,0,0,0,0,0,0,0,0,0,0,0,0,0,0,0,0
100061.c.052,0,0,0,0,0,0,0,0,0,0,0,0,0,0,0,0,0,0,0,0,0,0,0,0,0,0,0,0,0,0,0,0,0,0,0,0,0,0,0,0,0,0,0,0,0,0,0,0,0,0,0,0,0,0,0,0,0,0,0,0,0,0,0,0,0,0,0,0,0,0,0,0,0,0,0,0,0,0,0,0,0,0,0,0,0,0,0,0,99.78331528,0,0,0,0,0,0,0,0,0,0,0,0,0,0,0.021668472,0,0,0,0,0,0,0,0.036114121,0,0,0.057782593,0,0.014445648,0,0,0,0,0,0,0,0,0,0,0,0,0,0,0,0,0,0,0,0,0,0,0,0,0,0,0,0,0,0,0,0,0,0,0.086673889,0,0,0,0,0,0,0,0,0,0,0,0,0,0,0,0,0,0,0,0,0,0,0,0,0,0,0,0,0,0,0,0,0,0,0,0,0,0,0,0,0,0,0,0,0,0,0,0,0,0,0,0,0,0,0,0,0,0,0,0,0,0,0,0,0,0
100062.c.054,0,0,0,0,0,0,0,0,0,0,0,0,0,0,0,0,0,0,0,0,0,0,0,0,0,0,0,0.020126799,0,0,0,0,0,0,0,0,0,0,0,0,0,0.130824192,0,0,0,0,0,0,0,0,0,0,0,0,0,0,0,0,0,0,0,0,0,0,0,0,0,0,0,0,0,0,0,0,0,0,2.42024756,0,0,0,0.030190198,0,0.382409178,0.030190198,0.447821274,0,0,0,0.140887592,0,0,0,0,0,0,0,0,0,0,0,0,0,2.998893026,63.19814833,0,0,0,0.060380396,0,0,0,2.691959344,0,0,0,0,0.115729093,0,0,0,0,0,0,0,0,0.34215558,2.596357049,0,0.734628157,0,0,0,0.261648385,0,0.52329677,0,0,3.673140787,0,0,0,0,0,0,0,0,0,0.055348697,0.035221898,0,0,3.366207105,0,0,0,0,0,0,0,0,0,0,0,0,0,0,0,0,0,0,0,0,15.35171581,0,0,0,0,0,0,0,0,0,0,0,0,0,0,0,0,0,0,0,0,0.392472577,0,0,0,0,0,0,0,0,0,0,0,0,0,0,0,0,0,0,0,0,0,0,0,0
100063.c.052,0,0,0,0,0,0,0,0,0,0,0,0,0,0,0,0,0,0,0,0,0,0,0,0,0,0,0,0,0,0,0,0,0,0,0,0,0,0,0,0,0,0.081976812,0,0,1.024710153,0,0,0,0,0,0,0,0,0,0,0,0,0,0,0.111254245,0,0,0,0,0,0,0,0,0,0,0,0,0,0,0,0,4.08712964,0,0,0,0.105398759,0,0,0.01756646,0.49771636,0.029277433,0,0,0.128820705,0,0,0,0.01756646,0,0,0,0,10.93804895,0,0,5.931607917,0,1.036421127,68.90151072,0,0,0,0,0,0,0,0.73779131,0,0,0,0.158098138,0.040988406,0,0,0,0,0,0,0,0,0.368895655,0,0,0.310340789,0,0,0.070265839,0.368895655,3.413748683,0,0,0,0.046843893,0,0,0,0,0,0,0,0,0,0.105398759,0.011710973,0,0,0.731935824,0,0,0,0,0,0,0,0,0,0,0,0,0,0,0,0,0,0,0,0,0.169809111,0,0,0,0,0,0,0,0,0,0,0,0,0,0,0,0,0,0,0,0,0.556271226,0,0,0,0,0,0,0,0,0,0,0,0,0,0,0,0,0,0,0,0,0,0,0,0
100063.c.056,0.924920957,0,0,0,0,0,0,0,0,0,0,0,0,0,0,0,0,0,0,0,0,0,0,0,0,0,0,0,0,0,0,0,0,0,0,0,0,0,0,0,0,0,0,0,0,0,0,0,0,0,0,0,0,0,0,0,0,0,0,0.089660705,0,0,0,0,0,0,0,0,0,0.132131565,0,0,0,0,0,0,0.783351423,0,0,0,0.22179227,0,0,0,0.028313907,0.018875938,0,0,0.405832665,0,0,0,0,0,0,0,0,1.108961352,0,0,5.521211835,0,13.09046293,25.43532632,0,0,0,0,0,0,0,3.270256241,0,0,0.066065783,1.915907697,0.127412581,0,0,0,0,3.05790194,0,0,0,0.018875938,0.552121184,0,29.07838233,0,0,0.53796423,0.618186966,1.859279883,0,0,0,0.070784767,0,0,0,0.174602426,0,0,0,0,0,8.244065877,0,0,0,0.924920957,0,0,0,0,0,0,0,0,0,0,0,0,0,0,0,0,0,0,0,0,1.184465103,0,0,0,0,0,0,0,0,0,0,0,0,0,0,0,0,0,0,0,0,0.53796423,0,0,0,0,0,0,0,0,0,0,0,0,0,0,0,0,0,0,0,0,0,0,0,0
100064.c.051,0,0,0,0,0,0,0,0,0,0,0,0,0,0,0,0,0,0,0,0,0,0,0,0,0,0,0,0,0,0,0,0,0,0,0,0,0,0,0,0,0,0,0,0,0,0,0,0,0,0,0,0,0,0,0,0,0,0,0,0,0,0,0,0,0,0,0,0,0,0.032753327,0,0,0,0,0,0,0,0,0,0,0,0,0,0,0,0.888433982,0.028659161,2.81678608,24.19242579,0,0,0,1.00716479,0,0,0,0.024564995,0.032753327,0,0,0,0,0,0,0,0,0,0.008188332,0,0,0,0.229273286,0,0,0.065506653,0,0,0,0,0,0,0,0,0,0,0,0,0,69.51484135,0,0,0,0,0,0,0,0.094165814,0.040941658,0,0,0,0,0.933469806,0,0,0,0,0,0,0,0,0.090071648,0,0,0,0,0,0,0,0,0,0,0,0,0,0,0,0,0,0,0,0,0,0,0,0,0,0,0,0,0,0,0,0,0,0,0,0,0,0,0,0,0,0,0,0,0,0,0,0,0,0,0,0,0,0,0,0,0,0,0,0,0,0,0,0,0,0
100064.c.053,0,0,0,0,0,0.046970409,0.130846138,0,0,0,0,0.157686372,0,0,0,0,0,0,0,0,0,0,0,0,2.382070724,0,0,0,0,0,0,0,0,0,0,0,0,0,0,0,0,0,0,0,0.087230759,0,0,0,0,0,0,0,0,0,0,0,0,0,0,0,0,0,0,0,0,0.664295779,0.057035496,0,0,7.287123398,0.49654432,0,0,0,0.530094612,0,2.60350265,0,0.204656781,0.674360867,4.096490639,0,0.030195263,0.184526605,1.801650674,0.020130175,1.674159565,0.010065088,0.063745555,0,0,0,0,0,0,0,0,1.81842582,0,0,3.284573576,0,0.509964437,16.56713413,1.647319332,0,0,0.399248473,0,0,0,0.821982151,1.348721734,0,3.563040998,0.362343152,0,3.576461115,0,0.080520701,0.865597531,0.063745555,0,4.542709522,0,0.154331343,0.241562102,0.348923036,7.381064215,0,0,0,0,0.90921291,0,0.181171576,0,8.796886533,9.316916057,0,0.399248473,0,0.060390525,0,0,0,0,0.057035496,0.45292894,0,0,3.952224384,0,0,0,0,0.187881635,0,0,0,0,0,0,0,0,0,0,0,0,0,0,0,0.238207072,0,0,0,0,0,0,0,0,0,0,0,0,0,0,0,0,0,0,0,0,4.200496544,0,0,0,0,0,0,0,0,0,0.342212977,0,0,0,0,0,0,0.12413608,0,0,0,0,0,0,0
100065.c.051,0,0,0,0,0,0,0,0,0,0,0,0,0,0,0,0,0,0,0,0,0,0,0,0,0,0,0,0,0,0,0,0,0,0,0,0,0,0,0,0,0,0,0,0,0,0,0,0,0,0,0,0,0,0,0,0,0,0,0,0,0,0,0,0,0,0,0,0,0,0.034916201,0,0,0,0,0,0,0,0,0,0,0,0,0,0,0,0,0,0,99.37849162,0,0,0,0,0,0,0,0,0,0,0,0,0,0,0,0,0,0,0,0,0,0,0,0,0,0.398044693,0,0,0,0,0,0,0,0,0,0,0,0,0,0.020949721,0,0,0,0,0,0,0,0.069832402,0,0,0,0,0,0,0,0,0,0,0,0,0,0,0.097765363,0,0,0,0,0,0,0,0,0,0,0,0,0,0,0,0,0,0,0,0,0,0,0,0,0,0,0,0,0,0,0,0,0,0,0,0,0,0,0,0,0,0,0,0,0,0,0,0,0,0,0,0,0,0,0,0,0,0,0,0,0,0,0,0,0,0
100066.c.052,0,0,0,0,0,0,0,0,0,0,0,0,0,0,0,0,0,0,0,0,0,0,0,0,0,0,0,0,0,0,0,0,0,0,0,0,0,0,0,0,0,0,0,0,0,0,0,0,0,0,0,0,0,0,0,0,0,0,0,0,0,0,0,0,0,0,0,0,0,0.066066066,0,0,0,0,0,0,0,0,0,0,0,0,0,0.06006006,0,0,0,0,92.77477477,0,0,0,0,0,0,0,0,0,0,0,0,0,0,0,0,0,0,0,0,0,0,0.744744745,0,0,0.606606607,0,0,0.096096096,0,0,0,0,0,0,0,0,0,0.018018018,0,0,0,0,0,0,0,0,5.51951952,0,0,0,0,0,0.024024024,0,0,0,0,0,0,0,0,0.09009009,0,0,0,0,0,0,0,0,0,0,0,0,0,0,0,0,0,0,0,0,0,0,0,0,0,0,0,0,0,0,0,0,0,0,0,0,0,0,0,0,0,0,0,0,0,0,0,0,0,0,0,0,0,0,0,0,0,0,0,0,0,0,0,0,0,0
100004.c.051,0,0,0,0,0,0,0,0,0,0,0,0,0,0,0,0,0.42752443,0,0,0,0,0,0,0,0,0,0,0,0,0,0.325732899,0,0,0,0,0,0,0,0,0,0,0,0,0,0,0,0,0,0,0,0,0,0,0,0,0,0,0,0,0,0,0,0,0,0,0,0,0,0,0,0,0.285016287,0,0,0,0,6.005700326,0,0,0,0.468241042,0.122149837,0,0,0,0.468241042,0,1.465798046,4.356677524,0,0,0.223941368,0.69218241,0,0,0,0,0.285016287,0.346091205,0,1.404723127,0,0.325732899,75.24429967,0,0,0,0.223941368,0,0,0,1.404723127,0,0,0.101791531,0,0,0,0,0,0,0,0,0,0,1.913680782,0,0,0.244299674,0,0,0,0,0,0,0,0.285016287,0.529315961,0,0,0,0,0.366449511,0,0,0,0,0,0,0,0,0.346091205,0,0.651465798,0,0.549674267,0,0,0,0,0,0,0,0,0,0,0,0,0,0,0,0,0,0,0,0,0,0,0,0,0,0,0,0,0,0,0,0,0,0,0,0,0,0.69218241,0,0,0,0.244299674,0,0,0,0,0,0,0,0,0,0,0,0,0,0,0,0,0,0,0,0
100036.c.053,0,0,0,0,0,0,0,0,0,0,0,0,0,0,0,0,0,0,0,0,0,0,0,0,0,0,0,0,0,0,0,0,0,0,0,0,0,0,0,0,0,0,0,0,0,0,0,0,0,0,0,0,0,0,0,0,0,0,0,0,0,0,0,0,0,0,0,0,0,0,0,0,0,0,0,0,0,0,0,0,0,0,0,0,0,0,0,0.269450994,80.95879645,0,0,0,0,0,0,0,0,0.437857865,0,0,0,0,0,0,0,0,0,0,0,0,0,0,0,0,0,0,0,0,0,0,0,0,0,0,0,0,0,0,0,0,0,0,0,0,0,0,17.40204334,0,0,0,0,0,0,0,0,0,0,0,0,0,0,0.909397103,0,0,0,0,0,0,0,0,0,0,0,0,0,0,0,0,0,0,0,0,0,0,0,0,0,0,0,0,0,0,0.022454249,0,0,0,0,0,0,0,0,0,0,0,0,0,0,0,0,0,0,0,0,0,0,0,0,0,0,0,0,0,0,0,0,0,0,0
100036.c.057,0,0,0,0,0,0,0,0,0,0,0,0,0,0,0,0,0,0,0,0,0,0,0,0,0,0,0,0,0,0,0,0,0,0,0,0,0,0,0,0,0,0,0,0,0,0,0,0,0,0,0,0,0,0,0,0,0,0,0,0,0,0,0,0,0,0,0,0,0,0.285306705,0,0,0,0,0,0,0,0,0,0.482826731,0,0,0,0,0,0,0,0.2523867,68.38582245,0,0,0,0,0,0,0,0,3.302973774,0,0,3.237133765,0,0,0.054866674,0,0,2.084933611,0,0,0,0,5.311094041,0,0,15.05541534,0,0,0,0,0,0,0,0,0,0,0.032920004,0,0,0,0,0,0,0,0,0,0,1.382640184,0.109733348,0,0,0,0,0,0,0,0,0,0,0,0,0,0,0,0,0,0,0,0,0,0,0,0,0,0,0,0,0,0.02194667,0,0,0,0,0,0,0,0,0,0,0,0,0,0,0,0,0,0,0,0,0,0,0,0,0,0,0,0,0,0,0,0,0,0,0,0,0,0,0,0,0,0,0,0,0,0,0,0,0,0
100041.c.050,0,0,0,0,0,0,0,0,0,0,0,0.706474402,0,0,0,0,0,0,0,0,0,0,0,0,0.764540792,0,0,0,0,0,0,0,0,0,0,0,0,0,0,0,0,0.774218523,0,0,0,0,0,0,0,0,0,0,2.100067744,0,0,0,0,0,0,0,0,0,0,0,0,0,0,0,0,0,0,0,0.396786993,0,0,2.57427659,1.674247556,0,0,0.638730282,0.861318107,0,0,2.622665247,0,0.851640375,0,0.270976483,6.309880964,0,0,0,0.309687409,0,0,7.142165876,0,0,0,0,0.580663892,0,2.961385851,16.66505371,0,0.212910094,0,0,0,0,0.658085745,12.50362915,0,0,0.183876899,0,0,0,0,0,0,0,0.280654215,0,0,0,1.316171489,0,12.22297493,0,0,0,2.942030388,0.832284912,4.567889287,0,1.064550469,0.522597503,0,0,0.329042872,0.338720604,0,0,0,0,0,3.087196361,0.832284912,0,0,3.377528307,0,0,0,0.464531114,0,0,0,0,0,0,0,0,0,0,0,0,0,0,0,0,0.290331946,0,0,0,0,0,0,0,0,0.358076067,0,0,2.32265557,0,0,0,0,0,0,0,0,1.722636214,0,0,0,0,0.309687409,0,0,0,0,0,0,0,0,0,0,0,0,0.396786993,0,0,0,0,0.658085745,0
100041.c.053,0,0,0,0,0,0,0,0,0,0,0,0,0,0,0,0,0.113617919,0,0.422009414,0.762863172,0,0,0.113617919,0,1.136179192,0,0.081155657,0,0,0,0.357084889,1.022561273,0,0,0,0,0,0,0,0,0,0,0,0.048693394,0,0.389547151,0,0,0,0,0,0,0,0,0,0,0,0,0.227235838,0,0,0,0,0,0.211004707,0,0,0,0,1.525726343,0,0.292160364,0,1.11994806,0.048693394,0,0,0,0,0.113617919,0,1.103716929,0,0,0,2.548287616,0,45.09008278,1.639344262,0.925174485,0.357084889,0.422009414,2.434669696,0,1.006330141,0,0.146080182,0.37331602,0,0,0.146080182,0,0,0,0,0,0,0,0,0,0,0.37331602,0.584320727,0,0,0,0,0,0,0,0,0,0,0,0.941405616,0,0,0,0.259698101,0,0.37331602,0,0,0,0,0,3.10014608,0,0.259698101,0,0,0,0,0,0,0,0.519396202,0,0,0.097386788,0,4.203863009,1.882811232,1.996429151,0,7.352702483,2.045122545,0.178542444,0,0.162311313,0.941405616,0,0.162311313,0.24346697,0,0.113617919,0,1.509495212,0,0,0,0,0,0.389547151,0,0.24346697,0,0,0,1.055023535,0.584320727,0,1.201103717,0,0,0.405778283,0,0,0.470702808,0.697938646,0.503165071,1.249797111,0,0,0,0,0,0,0,0,0,0,0,0,0,0,0.324622626,0.697938646,0,0.097386788,0,0,0.146080182,0.454471677,0,0,0,0
100041.c.054,0,0,0,0,0,0,0,0,0,0,0,0,0,0,0,0,0,0,0,0,0,0,0,0,0,0,0,0,0,0,0,0,0,0,0,0,0,0,0,0,0,0,0,0,0,0,0,0,0,0,0,0,0,0,0,0,0,0,0,0,0,0,0,0,0,0,0,0,0,0,0,0,0,0,0,0,0.097783572,0,0,0,0,0,0,0,0,0,0,0.024445893,10.14504563,0,0,0,0,0,0,0,0,0,0,0,0.171121252,0.016297262,0,0.114080834,0,0,0,0,0,0,0,4.172099087,0,0,0.048891786,0,0,0,0,0,0,0,0,0,0,0.08148631,0,0,0,0,0,0,0,0,0.057040417,0,84.17535854,0,0,0,0,0,0,0,0,0,0,0,0,0,0,0.896349413,0,0,0,0,0,0,0,0,0,0,0,0,0,0,0,0,0,0,0,0,0,0,0,0,0,0,0,0,0,0,0,0,0,0,0,0,0,0,0,0,0,0,0,0,0,0,0,0,0,0,0,0,0,0,0,0,0,0,0,0,0,0,0,0,0,0
100041.c.056,0,0,0,0,0,0,0,0,0,0,0,0,0,0,0,0,0,0,0,0,0,0,0,0,0,0,0,0,0,0,0,0,0,0,0,0,0,0,0,0,0,0,0,0,0,0,0,0,0,0,0,0,0,0,0,0,0,0,0,0,0,0,0,0,0,0,0,0,0,0,0,0,0,0,0,0,0,0,0,0,0,0,0,0,0,0,0,0,66.89340709,0,0,0,0,0,0,0,0,0,0,0,0,0,0,0,0,0,0,0,0,0,0,0.149499178,0.022424877,0,0,0,0,0,0,0,0,0,0,0,0,0,0,0,0,0,0,0,0,0,0,0,26.29690537,0.156974137,0,0,0,0,0,0,0,0,0,0,0,0,0,6.465839438,0,0,0,0,0,0,0,0,0.014949918,0,0,0,0,0,0,0,0,0,0,0,0,0,0,0,0,0,0,0,0,0,0,0,0,0,0,0,0,0,0,0,0,0,0,0,0,0,0,0,0,0,0,0,0,0,0,0,0,0,0,0,0,0,0,0,0,0
100041.c.057,0,0,0,0,0,0,0,0,0,0,0,0,0,0,0,0,0,0,0,0,0,0,0,0,0,0,0,0,0,0,0,0,0,0,0,0,0,0,0,0,0,0,0,0,0,0,0,0,0,0,0,0,0,0,0,0,0,0,0,0,0,0,0,0,0,0,0,0,0,0.066711141,0,0,0,0,0,0,0,0,0,0,0,0,0,0,0,0.613742495,0,0,14.87658439,0,0,0,0,0,0,0,0,0.080053369,0.026684456,0,0,0,0.040026684,0.106737825,0,0,0,0,0,0,0,0.186791194,0,0,0,0,0.293529019,0,0,0,0,0,0,0,0,0,0,0,0,0,0,0,0,0,0,0,76.27751835,0.14676451,0,0,0,0,0,0,0,0,0.133422282,0,0,0,0,6.804536358,0,0,0,0.240160107,0,0,0,0,0,0.053368913,0,0,0,0,0,0,0,0,0,0,0,0,0,0,0,0,0,0,0,0,0,0,0,0,0,0,0,0,0,0,0,0.053368913,0,0,0,0,0,0,0,0,0,0,0,0,0,0,0,0,0,0,0,0,0,0,0,0
100041.c.058,0,0,0,0,0,0,0,0,0,0,0,0,0,0,0,0,0,0,0.087931413,0,0,0,0.09892284,0.043965707,0,0.043965707,0,0,0,0,0,0.252802814,0,0.054957133,0,0,0,0,0,0,0,0,0,0,0,0,0,0,0,0,0,0,0,0,0,0,0,0,0,0,0,0,0,0,0,0,0,0,0,0.120905694,0,0,0,0.26379424,0,0,0,0,0.043965707,0,0,0.274785667,0,0,0,0.208837107,0,6.539898879,16.46515718,0.109914267,0,0,0.175862827,0.09892284,0.120905694,0,0,0,0,0,0,0,0,0.626511321,0,0,0,0,0,0,0,0.142888547,0.153879974,0,0.06594856,0,0,0.06594856,0,0,0,0,0,0,0.142888547,0.09892284,0,0,0.03297428,0,0,0,0,0,1.648714003,0,64.11299187,4.429544955,0,0,0,0,0,0,0,0,0.120905694,0,0,0,0,0.703451308,0,0.296768521,0.043965707,1.066168389,0.329742801,0.09892284,0,0,0.120905694,0,0,0,0,0,0,0.13189712,0,0,0,0,0,0.087931413,0,0,0,0,0,0,0,0,0,0.19784568,0,0,0,0,0,0,0,0,0,0,0,0.043965707,0,0,0,0,0,0,0,0,0,0,0,0.09892284,0,0.054957133,0,0,0,0.076939987,0,0,0,0
100041.c.059,0,0,0,0,0,0,0,0,0,0,0,0,0,0,0,0,0,0,0,0,0,0,0,0,0,0,0,0,0,0,0,0,0,0,0,0,0,0,0,0,0,0,0,0,0,0,0,0,0,0,0,0,0,0,0,0,0,0,0,0,0,0,0,0,0,0,0,0,0,0,0,0,0,0,0,0,0,0,0,0,0,0,0,0,0,0,0,0,31.59913914,0,0,0,0,0,0,0,0.458500983,0,0,0,0,0,0,0,0,0,0,0,0,0,0,0,0.084214466,0,0,0,0,0,0,0,0,0,0,0,0,0,0,0,0,0,0,0,0,0,0,0,62.63684851,2.835220361,0,0,0,0,0,0,0,0,0,0,0,0,0,1.263216993,0,0,0,0,0,0,0,0,0,0,0,1.122859549,0,0,0,0,0,0,0,0,0,0,0,0,0,0,0,0,0,0,0,0,0,0,0,0,0,0,0,0,0,0,0,0,0,0,0,0,0,0,0,0,0,0,0,0,0,0,0,0,0,0,0,0,0,0
100041.c.060,0,0,0,0,0,0,0,0.043840421,0,0,0,0,0,0,0,0,0,0,0.087680842,0,0,0,0,0,0,0,0,0,0,0,0,0.175361683,0,0,0,0,0,0,0,0,0,0,0,0,0,0,0,0,0,0,0,0,0,0,0,0,0,0,0,0,0,0,0,0,0,0,0,0,0,0.219202104,0,0,0,0.27400263,0,0,0,0,0,0,0,0.27400263,0,0,0,0,0,7.770714599,66.74704077,0.098640947,0,0.043840421,0.548005261,0,0.120561157,0,0,0,0,0,0,0,1.863217887,0,0,0,0,0,0,0,0,1.063130206,0,0,0,0,0,0,0,0,0,0,0,0,0,0,0,0,0.043840421,0,0,0,0,0,0.131521263,0,12.6150811,1.183691363,0.120561157,0,0,0,0,0,0,0,0,0,0,0.043840421,0,4.175800088,0.054800526,0.372643577,0,0.745287155,0.120561157,0,0,0,0.131521263,0,0,0,0,0,0,0,0,0,0,0,0,0,0,0,0,0,0,0,0,0,0,0,0,0.109601052,0,0,0,0.241122315,0,0.328803157,0,0,0,0,0,0,0,0,0,0,0,0,0,0,0,0.197281894,0,0.054800526,0,0,0,0,0,0,0,0
100041.c.061,0,0,0,0.071014321,0,0,0,0,0,0,0,0,0,0,0,0,0.047342881,0,0.189371523,0,0.047342881,0,0.106521482,0,0,0,0,0,0,0,0.094685762,0.55627885,0,0,0,0,0,0,0,0,0,0,0,0,0,0.189371523,0,0,0,0,0,0,0,0,0,0,0,0.047342881,0,0,0,0,0,0,0,0,0,0,0.02367144,0.698307492,0,0.508935969,0,0.840336134,0,0,0.130192922,0,0,0.153864363,0,0.520771689,0,0,0,1.432122145,0,22.70091135,42.1233282,0.414250207,0,0.153864363,1.254586342,0.165700083,0.224878684,0,0,1.053379098,0.106521482,0,0,0,0,0,0.02367144,0,0,0,0,0,0,0,0.272221565,0,0.130192922,0,0,0,0,0,0,0,0,0,1.029707658,0,0,0,0.201207243,0,0,0,0,0,0,0.035507161,5.882352941,1.088886259,0,0,0,0,0,0,0,0,0.828500414,0,0,0,0,2.710379927,0.56811457,1.219079181,0,3.917623387,1.72801515,0.213042964,0,0.106521482,0.319564445,0,0.059178601,0,0,0,0,0,0.035507161,0,0.390578767,0,0,0.213042964,0,0,0,0,0,0.757486093,0.284057285,0,0.508935969,0,0,0.236714404,0,0,0,1.384779264,0,1.006036217,0,0,0,0,0,0,0,0,0,0,0,0,0,0.130192922,0,0.366907326,0.118357202,0,0,0,0,0.378743047,0,0,0,0
100041.c.065,0,0,0,0,0,0,0,0,0,0,0,0,0,0,0,0,0,0,0,0,0,0,0,0,0,0,0,0,0,0,0,0,0,0,0,0,0,0,0,0,0,0,0,0,0,0,0,0,0,0,0,0,0,0,0,0,0,0,0,0,0,0,0,0,0,0,0,0,0,0,0,0,0,0,0,0,0,0,0,0,0,0,0,0,0,0,0,0,98.82603215,0,0,0,0,0,0,0,0,0,0,0,0,0,0,0,0,0,0,0,0,0,0,0,0,0,0,0,0,0,0,0,0,0,0,0,0,0,0,0,0,0,0,0,0,0,0,0,1.173967854,0,0,0,0,0,0,0,0,0,0,0,0,0,0,0,0,0,0,0,0,0,0,0,0,0,0,0,0,0,0,0,0,0,0,0,0,0,0,0,0,0,0,0,0,0,0,0,0,0,0,0,0,0,0,0,0,0,0,0,0,0,0,0,0,0,0,0,0,0,0,0,0,0,0,0,0,0,0,0,0,0
100051.c.066,0,0,0,0,0,0,0,0,0,0,0,0,0,0,0,0,0,0,0,0,0,0,0,0,0,0,0,0,0,0,0,0,0,0,0,0,0,0,0,0,0,0,0,0,0,0,0,0,0,0,0,0,0,0,0,0,0,0,0,0,0,0,0,0,0,0,0,0,0,0,0,0,0,0,0,0,0,0,0,0,0,0,0,0,0,0,0,0,77.62711864,0,0,0,0,0,0,0,0,0,0,0,0,0,0,0,0,0.602636535,0,0.037664783,0,0,0,0,0.037664783,0,4.080351538,0,0,0,0,0,0,0.100439422,0,0,0,0,0,0,0.564971751,0,0,0,0,0,4.456999372,0,1.494036409,1.02950408,9.05210295,0,0,0,0,0,0,0,0,0,0,0,0,0.91650973,0,0,0,0,0,0,0,0,0,0,0,0,0,0,0,0,0,0,0,0,0,0,0,0,0,0,0,0,0,0,0,0,0,0,0,0,0,0,0,0,0,0,0,0,0,0,0,0,0,0,0,0,0,0,0,0,0,0,0,0,0,0,0,0,0,0
100052.c.056,0,0,0,0,0,0,0,0,0,0,0,0,0,0,0,0,0,0,0,0,0,0,0,0,0,0,0,0,0,0,0,0,0,0,0,0,0,0,0,0,0,0,0,0,0,0,0,0,0,0,0,0,0,0,0,0,0,0,0,0,0,0,0,0,0,0,0,0,0,0,0,0,0,0,0,0,0,0,0,0,0,0,0,0,0,0,0,0,99.8968254,0,0,0,0,0,0,0,0,0,0,0,0,0,0,0,0,0,0,0,0,0,0,0,0,0,0,0,0,0,0,0,0,0,0,0,0,0,0,0,0,0,0,0,0,0,0,0,0.103174603,0,0,0,0,0,0,0,0,0,0,0,0,0,0,0,0,0,0,0,0,0,0,0,0,0,0,0,0,0,0,0,0,0,0,0,0,0,0,0,0,0,0,0,0,0,0,0,0,0,0,0,0,0,0,0,0,0,0,0,0,0,0,0,0,0,0,0,0,0,0,0,0,0,0,0,0,0,0,0,0,0
100052.c.057,0,0,0,0,0,0,0,0,0,0,0,0,0,0,0,0,0,0,0,0,0,0,0,0,0,0,0,0,0,0,0,0,0,0,0,0,0,0,0,0,0,0,0,0,0,0,0,0,0,0,0,0,0,0,0,0,0,0,0,0,0,0,0,0,0,0,0,0,0,0,0,0,0,0,0,0,0,0,0,0,0,0,0,0,0,0,0,0,99.13005655,0,0,0,0,0,0,0,0,0,0,0,0,0,0,0,0,0,0,0,0,0,0,0,0,0,0.626359287,0,0,0,0,0,0,0,0,0,0,0,0,0,0,0,0,0,0,0,0,0,0,0,0,0,0,0,0,0,0,0,0,0,0,0,0,0.243584167,0,0,0,0,0,0,0,0,0,0,0,0,0,0,0,0,0,0,0,0,0,0,0,0,0,0,0,0,0,0,0,0,0,0,0,0,0,0,0,0,0,0,0,0,0,0,0,0,0,0,0,0,0,0,0,0,0,0,0,0,0,0,0,0,0,0
100052.c.058,0,0,0,0,0,0,0,0,0,0,0,0,0,0,0,0,0,0,0,0,0,0,0,0,0,0,0,0,0,0,0,0,0,0,0,0,0,0,0,0,0,0,0,0,0,0,0,0,0,0,0,0,0,0,0,0,0,0,0,0,0,0,0,0,0,0,0,0,0,0,0,0,0,0,0,0,0,0,0,0,0,0,0,0,0,0,0,0.039420518,98.0683946,0,0,0,0,0,0,0,0,0,0,0,0,0,0,0,0,0,0,0,0,0,0,0,0,0,1.557110476,0,0,0,0,0,0,0,0,0,0,0,0,0,0,0,0,0,0,0,0,0,0,0,0,0,0,0,0,0,0,0,0,0,0,0,0,0.305509017,0,0,0,0,0,0,0,0,0,0,0,0,0,0,0,0,0,0,0,0,0,0,0,0,0,0,0,0,0,0,0,0,0,0,0,0,0,0,0,0,0,0,0,0,0,0,0,0,0,0,0,0,0,0,0,0,0,0,0,0,0,0,0,0.029565389,0,0
100052.c.060,0,0,0,0,0,0,0,0,0,0,0,0,0,0,0,0,0,0,0,0,0,0,0,0,0,0,0,0,0,0,0,0,0,0,0,0,0,0,0,0,0,0,0,0,0,0,0,0,0.147011825,0,0,0,0,0,0,0,0,0,0,0,0,0,0,0,0,0,0,0,0,0,0,0,0,0,0,0,0,0,0,0,0,0,0,0.127836369,0,0,0,0,23.47075743,0,0,0,63.61137744,0,0,0,0,0,0,0,0,0,0,0.140620006,0,0,0,0,0,0,0,0.217321828,0,0,0.127836369,0,0,0,0.690316395,0,0,0,0,0,0,0,0,0,0,0,0,0,0,0.038350911,0.102269096,0,0.153403643,0.057526366,0,0,0,0,0,0,0.063918185,0,0,0,0,0,0,11.05145414,0,0,0,0,0,0,0,0,0,0,0,0,0,0,0,0,0,0,0,0,0,0,0,0,0,0,0,0,0,0,0,0,0,0,0,0,0,0,0,0,0,0,0,0,0,0,0,0,0,0,0,0,0,0,0,0,0,0,0,0,0,0,0,0,0,0
100052.c.061,0,0,0,0,0,0,0,0,0,0,0,0,0,0,0,0,0,0,0,0,0,0,0,0,0,0,0,0,0,0,0,0,0,0,0,0,0,0,0,0,0,0,0,0,0,0,0,0,0,0,0,0,0,0,0,0,0,0,0,0,0,0,0,0,0,0,0,0,0,0,0,0,0,0,0,0,0,0,0,0,0,0,0,0.810221253,0,0,0,0,91.81468786,0,0,0,0,0,0,0,0,0.90370832,0,0,0,0,0,0,0,0,0,0,0,0,0,0,0,0,0.218136491,0,0,0,0,0,0,0,0,0,0,0,0,0,0,0,0,0,0,0,0,0,5.069076556,0,0,0,0,0,0,0,0,0,0,0,0,0,0,1.184169523,0,0,0,0,0,0,0,0,0,0,0,0,0,0,0,0,0,0,0,0,0,0,0,0,0,0,0,0,0,0,0,0,0,0,0,0,0,0,0,0,0,0,0,0,0,0,0,0,0,0,0,0,0,0,0,0,0,0,0,0,0,0,0,0,0,0
100052.c.062,0,0,0,0,0,0,0,0,0,0,0,0,0,0,0,0,0,0,0,0,0,0,0,0,0,0,0,0,0,0,0,0,0,0,0,0,0,0,0,0,0,0,0,0,0,0,0,0,0,0,0,0,0,0,0,0,0,0,0,0,0,0,0,0,0,0,0,0,0,0.158789464,0,0,0,0,0,0,0,0,0,0.046702783,0,0,0,0,0,0,0,0,92.1259107,0,0,0,0,0,0,0,0,0.728563422,0,0,0,0,0,0,0,0,0,0.046702783,0,0,0,0,0,0,1.662619092,0,0,0.037362227,0,0,0,0,0,0,0,0,0,0,0,0,0,0,0,0,0,0,4.810386699,0.08406501,0,0,0,0,0,0,0,0,0,0,0,0,0,0.298897814,0,0,0,0,0,0,0,0,0,0,0,0,0,0,0,0,0,0,0,0,0,0,0,0,0,0,0,0,0,0,0,0,0,0,0,0,0,0,0,0,0,0,0,0,0,0,0,0,0,0,0,0,0,0,0,0,0,0,0,0,0,0,0,0,0,0
100052.c.064,0,0,0,0,0,0,0,0,0,0,0,0,0,0,0,0,0,0,0,0,0,0,0,0,0,0,0,0,0,0,0,0,0,0,0,0,0,0,0,0,0,0,0,0,0,0,0,0,0,0,0,0,0,0,0,0,0,0,0,0,0,0,0,0,0,0,0,0,0,0,0,0,0,0,0,0,0,0,0,0.321825629,0,0,0,0,0,0,0,0,97.05480788,0,0,0,0,0,0,0,0,0,0,0,0,0,0,0,0,0,0,0,0,0,0,0.078018334,0,0,0,0,0,0,0,0,0,0,0,0,0,0,0,0,0,0,0,0,0,0,0,0,2.545348157,0,0,0,0,0,0,0,0,0,0,0,0,0,0,0,0,0,0,0,0,0,0,0,0,0,0,0,0,0,0,0,0,0,0,0,0,0,0,0,0,0,0,0,0,0,0,0,0,0,0,0,0,0,0,0,0,0,0,0,0,0,0,0,0,0,0,0,0,0,0,0,0,0,0,0,0,0,0,0,0,0
100052.c.065,0,0,0,0,0,0,0,0,0,0,0,0,0,0,0,0,0,0,0,0,0,0,0,0,0,0,0,0,0,0,0,0,0,0,0,0.014995876,0,0,0,0,0,0,0,0,0,0,0,0,0,0,0,0,0,0,0,0,0,0,0,0,0,0,0,0,0,0,0,0,0,0,0,0.022493814,0,0,0,0,0,0,0,3.479043263,0,0,0,0,0,0,0,0.157456699,78.30846517,0,0,0,0,0,0,0,0,3.284096873,0,0,0,0.442378346,0,0,0,0,0,0.134962885,0,0,0,0,0.097473195,0,1.372122666,0,0,0,0,0,0,0,0,0,0,0,0,0,0,0,0,0,0,0,0,0,8.270225688,4.168853565,0,0,0,0,0,0,0,0,0,0,0,0,0,0.217440204,0,0,0,0,0,0,0,0,0,0,0,0,0,0,0,0,0,0,0,0,0,0,0,0,0,0,0,0,0,0,0,0,0,0,0,0,0,0,0,0,0,0,0,0,0,0,0,0,0,0,0,0,0,0,0,0,0,0,0,0,0,0.029991752,0,0,0,0
100053.c.054,0,0,0,0,0,0,0,0,0,0,0,0,0,0,0,0,0,0,0,0,0,0,0,0,0,0,0,0,0,0,0,0,0,0,0,0,0,0,0,0,0,0,0,0,0,0,0,0,0,0,0,0,0,0,0,0,0,0,0,0,0,0,0,0,0,0,0,0,0,0,0,0,0,0,0,0,0,0,0,0,0,0,0,0,0,0,0,0,87.36115,0,0,0,0,0,0,0,0,0,0,0,0,0,0,0,0,0,0,0,0,0,0,0.840100812,0,0,0.373378139,0,0,0.084010081,0,0,0,0,0,0,0,0,0,0.037337814,0,0,0,0,0,0,0,0,11.20134416,0,0,0,0,0,0,0,0,0,0,0,0,0,0,0.102678988,0,0,0,0,0,0,0,0,0,0,0,0,0,0,0,0,0,0,0,0,0,0,0,0,0,0,0,0,0,0,0,0,0,0,0,0,0,0,0,0,0,0,0,0,0,0,0,0,0,0,0,0,0,0,0,0,0,0,0,0,0,0,0,0,0,0
100054.c.054,0,0,0,0,0,0,0,0,0,0,0,0,0,0,0,0,0,0,0,0,0,0,0,0,0,0,0,0,0,0,0,0,0,0,0,0,0,0,0,0,0,0,0,0,0,0,0,0,0,0,0,0,0,0,0,0,0,0,0,0,0,0,0,0,0,0,0,0,0,0,0,0,0,0,0,0,0.04382505,0,0,0,0.03506004,0,0,0.02629503,0,0,0,0,85.03812779,0,0,0,0,0,0,0,0,0.254185292,0,0,0.05259006,0,0,0.534665615,0,0,0,0,0,0,0,10.34271189,0,0,0.03506004,0,0,0,0,0,0,0,0,0,0,0,0,0,0,0,0,0,0,0,0,0,3.584889123,0,0,0,0,0,0,0,0,0,0,0,0,0,0,0,0,0,0,0,0,0,0,0,0,0,0,0,0,0,0,0,0,0,0,0,0.05259006,0,0,0,0,0,0,0,0,0,0,0,0,0,0,0,0,0,0,0,0,0,0,0,0,0,0,0,0,0,0,0,0,0,0,0,0,0,0,0,0,0,0,0,0,0
100056.c.051,0,0,0,0,0,0,0,0,0,0,0,0,0,0,0,0,0,0,0,0,0,0,0,0,1.396300249,0,0,0,0,0,0,0,0,0,0,0,0,0,0,0,0,0,0,0,0,0,0,0,0,0,0,0,0,0,0,0,0,0,0,0,0,0,0,0,0,0,0,0,0,0,0,0.53361793,0,0,0,0,0.213447172,0,0,0.391319815,0,0,0,0,0.062255425,0.195659908,0,0,53.24617574,0,0,0,0,0,0,0,0,0.524724297,0,0,0,0,1.609747421,23.66595518,0,0,0,0.097829954,0,0,0,13.66951263,0,0,0,0,0,0.062255425,0,0,0,0,0,0,0,0,0.222340804,0.275702597,0,0,0,0,0,0.32906439,0.231234436,0,1.138384916,0,0,0,0,0,0,0,0,0,0,0,0,0,0,0.684809676,0,0,0,0,0,0,0,0,0,0,0,0,0,0,0,0,0,0,0,0,0.088936322,0,0,0,0,0,0,0,0,1.23621487,0,0,0,0,0,0,0,0,0,0,0,0,0,0,0,0,0.12451085,0,0,0,0,0,0,0,0,0,0,0,0,0,0,0,0,0,0,0
100057.c.052,0,0,0,0,0,0,0,0,0,0,0,0,0,0,0,0,0,0,0,0,0,0,0,0,0,0,0,0,0,0,0,0,0,0,0,0,0,0,0,0,0,0,0,0,0,0,0,0,0,0,0,0,0,0,0,0,0,0,0,0,0,0,0,0,0,0,0,0,0,0,0,0,0,0,0,0,0,0,0,0,0,0,0,0,0,0,0,0,0.399915807,0,0,0,0,0,0,0,0,0,0,0,0,0,0,0.056128534,0,0,0,0,0,0,0,0,0,0,0,0,0,0,0,0,0,0,0,0,0,0,0,0,0,0,0,0,0,0,0,0,0,0,0,0,0,0,0,0,0,0,0,0,0,0,0,99.54395566,0,0,0,0,0,0,0,0,0,0,0,0,0,0,0,0,0,0,0,0,0,0,0,0,0,0,0,0,0,0,0,0,0,0,0,0,0,0,0,0,0,0,0,0,0,0,0,0,0,0,0,0,0,0,0,0,0,0,0,0,0,0,0,0,0,0
100058.c.052,0,0,0,0,0,0,0,0,0,0,0,0,0,0,0,0,0,0,0,0,0,0,0,0,0,0,0,0,0,0,0,0,0,0,0,0,0,0,0,0,0,0,0,0,0,0,0,0,0,0,0,0,0,0,0,0,0,0,0,0,0,0,0,0,0,0,0,0,0,0,0,0,0,0,0,0,0,0,0,0,0,0,0,0,0,0,0,0,98.12024235,0,0,0,0,0,0,0,0,0,0,0,0,0,0,0,0,0,0,0,0,0,0,0,0,0,0,0,0,0,0,0,0,0,0,0,0,0,0,0,0,0,0,0,0,0,0,0,1.817616902,0,0,0,0,0,0,0,0,0,0,0,0,0,0,0.062140749,0,0,0,0,0,0,0,0,0,0,0,0,0,0,0,0,0,0,0,0,0,0,0,0,0,0,0,0,0,0,0,0,0,0,0,0,0,0,0,0,0,0,0,0,0,0,0,0,0,0,0,0,0,0,0,0,0,0,0,0,0,0,0,0,0,0
100058.c.053,0,0,0,0,0,0,0,0,0,0,0,0,0,0,0,0,0,0,0,0,0,0,0,0,0,0,0,0,0,0,0,0,0,0,0,0,0,0,0,0,0,0,0,0,0,0,0,0,0,0,0,0,0,0,0,0,0,0,0,0,0,0,0,0,0,0,0,0,0,0,0,0,0,0,0,0,0,0,0,0,0,0,0,0,0,0,0,0,96.74561254,0,0,0,0,0,0,0,0,0,0,0,0,0,0,0,0,0,0,0,0,0,0,0,0,0,0,0,0,0,0,0,0,0,0,0,0,0,0,0,0,0,0,0,0,0,0,0,0,0,0,0,0,0,0,0,0,0,0,0,0,0,0,3.25438746,0,0,0,0,0,0,0,0,0,0,0,0,0,0,0,0,0,0,0,0,0,0,0,0,0,0,0,0,0,0,0,0,0,0,0,0,0,0,0,0,0,0,0,0,0,0,0,0,0,0,0,0,0,0,0,0,0,0,0,0,0,0,0,0,0,0
100060.c.051,0,0,0,0,0,0,0,0,0,0,0,0,0,0,0,0,0,0,0,0,0,0,0,0,0,0,0,0,0,0,0,0.141743444,0,0,0,0,0,0,0,0,0.070871722,0,0,0,0,0,0,0,0,0,0,0,0,0,0,0,0,0,0,0,0,0,0,0,0,0,0,0,0,0.044294826,0,0,0,0.124025514,0,0,0.079730687,0,0,0,0,0.035435861,0,0,0,0.062012757,0,2.781715096,1.266832034,0,0,0,0.106307583,0,0.088589653,0,0,0.248051028,0,0,0,0,0.053153792,0.106307583,0,0,0,0,0,0,0,0.124025514,0.053153792,0,0.177179305,0,0,0,0,0,0,0,0,0,0,0,0,0,0.026576896,0,0,0,0,0,0,0,0,0,0,0,0,0,0,0,0,0,0,0,0,0,0,93.36463501,0.106307583,0.079730687,0,0.478384125,0,0,0,0,0,0,0,0,0,0,0,0,0,0,0,0,0,0,0,0,0,0,0,0,0,0,0.053153792,0,0,0,0.035435861,0,0,0.159461375,0.062012757,0,0,0.044294826,0,0,0,0,0,0,0,0,0,0,0,0,0,0,0,0,0,0,0,0.026576896,0,0,0,0
100060.c.052,0,0,0,0,0,0,0,0,0,0,0,0,0,0,0,0,0,0,0,0,0,0,0,0,0.146148556,0,0,0,0,0,0,0,0,0,0,0,0,0,0,0,0,0,0,0,0,0,0,0,0,0,0,0,0,0,0,0,0,0,0,0,0,0,0,0,0,0,0,0,0,0,0,0,0,0,0,0,0,0,0,0.034387895,0,0,0,0,0,0,0,0.214924347,1.530261348,0,0,0,0.060178817,0,0,0,0,1.143397524,0,0,0.085969739,0,0.068775791,0,0,0,0,0,0,0,0,1.762379642,0,0,0,0,0,0,0,0,0,0,0,0,0,0,0,0,0,0.077372765,0,0,0,0,0,0,0,6.060866575,0,0,0,0,0,0,0,0,0,0,0.060178817,0,0,88.72936726,0,0,0,0,0.025790922,0,0,0,0,0,0,0,0,0,0,0,0,0,0,0,0,0,0,0,0,0,0,0,0,0,0,0,0,0,0,0,0,0,0,0,0,0,0,0,0,0,0,0,0,0,0,0,0,0,0,0,0,0,0,0,0,0,0,0,0,0
100061.c.051,0,0,0,0,0,0,0,0,0,0,0,0,0,0,0,0,0,0,0,0,0,0,0,0,0,0,0,0,0,0,0,0,0,0,0,0,0,0,0,0,0,0,0,0,0,0,0,0,0,0,0,0,0,0,0,0,0,0,0,0,0,0,0,0,0,0,0,0,0,0,0,0.037792895,0,0,0,0,0,0,0,0,0,0,0,0,0,0,0,0.037792895,99.49609473,0,0,0,0,0,0,0,0,0,0,0,0.037792895,0,0,0.100781053,0,0,0,0,0,0,0,0,0,0,0,0,0,0,0,0,0,0,0,0,0.07558579,0,0,0,0,0,0,0,0.031494079,0,0,0,0,0,0,0,0,0,0,0,0,0,0,0,0,0,0,0.182665659,0,0,0,0,0,0,0,0,0,0,0,0,0,0,0,0,0,0,0,0,0,0,0,0,0,0,0,0,0,0,0,0,0,0,0,0,0,0,0,0,0,0,0,0,0,0,0,0,0,0,0,0,0,0,0,0,0,0,0,0,0,0,0,0,0,0
100062.c.051,0.201390242,0,0,0,0,0,0,0,0,0,0,0,0,0,0,0,0,0,0,0,0,0,0,0,0,0,0,0,0,0,0,0,0,0,0,0,0,0,0,0,0,0,0,0,0,0,0,0,0,0,0,0,0,0,0,0,0,0,0,0,0,0,0,0,0,0,0,0,0,0,0,0,0,0,0,0,0,0,0,0,0,0,0,0,0,0.097446891,0,0.142922107,95.9007341,0,0,0,0,0,0,0,0,0,0,0,0,0.194893783,0,1.37075294,0,0,0,0,0,0,0,1.338270642,0,0,0,0,0,0,0,0,0,0,0,0,0,0,0,0,0.11693627,0,0,0,0.097446891,0.168907945,0,0,0,0.045475216,0,0,0,0.019489378,0,0,0,0,0,0.032482297,0,0,0,0.071461054,0,0,0,0,0,0,0,0,0,0,0,0,0,0,0,0,0,0,0,0,0,0,0,0,0,0,0,0,0,0,0,0,0,0,0,0,0,0,0,0,0,0.201390242,0,0,0,0,0,0,0,0,0,0,0,0,0,0,0,0,0,0,0,0,0,0,0,0
100063.c.053,0,0,0,0,0,0,0,0,0,0,0,0,0,0,0,0,0,0,0,0,0,0,0,0,0,0,0,0,0,0,0,0.087556091,0,0,0,0,0,0.142278647,0,0,0,0,0,0,0,0,0,0,0,0,0,0,0,0,0,0,0,0,0,0,0,0,0,0,0,0,0,0,0,0.120389625,0,0,0,0.197001204,0,0,0,0,0,0,0,0.098500602,0,0,0,0,0,5.11108679,91.31005801,0.087556091,0,0,0.273612783,0,0.229834738,0,0,0.098500602,0,0,0,0,0,0,0,0,0,0,0,0,0,0,0.098500602,0,0,0,0,0,0,0,0,0,0,0,0.339279851,0,0,0,0.076611579,0,0,0,0,0,0,0,0,0,0.043778045,0,0,0,0,0,0,0,0,0,0,0,0,0.065667068,0,0.383057896,0,0.372113385,0,0,0,0,0.120389625,0,0,0,0,0,0,0,0,0,0,0,0,0,0,0,0,0,0,0,0,0,0.109445113,0.153223159,0,0,0,0,0,0.306446317,0,0.175112181,0,0,0,0,0,0,0,0,0,0,0,0,0,0,0,0,0,0,0,0,0,0,0,0,0,0
100063.c.054,0,0,0,0,0,0,0,0,0,0,0,0,0,0,0,0,0,0,0,0,0,0,0,0,0,0,0,0,0,0,0,0,0,0,0,0,0,0,0,0,0,0,0,0,0,0,0,0,0,0,0,0,0,0,0,0,0,0,0,0,0,0,0,0,0,0,0,0,0,0,0,0,0,0,0,0,0,0,0,0,0,0,0,0,0,0,0,0,99.33663744,0,0,0,0,0,0,0,0,0,0,0,0,0,0,0.045749142,0,0,0,0,0,0,0,0,0,0,0.335493709,0,0,0,0,0,0,0,0,0,0,0,0,0,0,0,0,0,0,0,0,0,0.182996569,0,0,0,0,0,0,0,0,0,0,0,0,0,0,0.099123141,0,0,0,0,0,0,0,0,0,0,0,0,0,0,0,0,0,0,0,0,0,0,0,0,0,0,0,0,0,0,0,0,0,0,0,0,0,0,0,0,0,0,0,0,0,0,0,0,0,0,0,0,0,0,0,0,0,0,0,0,0,0,0,0,0,0
100064.c.055,0,0,0,0.055218112,0,0,0,0,0,0.165654335,0,0,0,0,0,0,0,0,0.248481502,0.487759985,0,0,0.165654335,0,0,0.165654335,0,0,0,0,0.156451316,0.874286766,0,0,0,0.202466409,0,0,0,0,0,0,0,0,0,0.312902632,0,0,0,0.055218112,0,0,0,0,0,0.073624149,0,0,0,0,0.110436223,0,0,0,0.12884226,0,0,0,0,0.791459599,0,0.570587153,0,0.874286766,0,0,0,0,0,0,0,0.515369041,0,0.055218112,0,2.751702558,0,28.57537272,35.86416345,0.294496595,0.248481502,0,0.837474692,0.110436223,1.076753175,0,0.156451316,0.211669428,0.230075465,0,0,0,0,0.119639242,0,0,0,0,0,0,0,0.036812074,0.395729799,0,0.101233204,0,0,0,0,0,0,0,0,0,1.168783361,0.027609056,0,0,0.165654335,0,0.119639242,0,0,0,0.138045279,0,2.797717651,0,0.331308669,0.285293576,0,0,0,0,0,0,0.708632431,0,0,0.036812074,0,1.573716179,0,1.362046751,0.092030186,5.42057795,1.187189398,0.147248297,0,0,0.395729799,0,0.101233204,0.06442113,0,0,0,0.239278483,0.06442113,0,0,0,0,0,0,0,0,0,0,1.859009755,0.450947911,0,0.552181115,0,0,0.276090558,0,0,0.506166022,0.377323762,0,0.837474692,0.06442113,0,0,0.165654335,0,0.19326339,0,0,0,0.082827167,0,0,0,0,0.082827167,0.708632431,0,0,0,0,0,0.312902632,0.082827167,0,0,0
100064.c.058,0,0,0,0,0,0,0,0,0,0,0,0,0,0,0,0,0,0,0,0,0,0,0,0,0,0,0,0,0,0,0,0,0,0,0,0,0,0,0,0,0,0,0,0,0,0,0,0,0,0,0,0,0,0,0,0,0,0,0,0,0,0,0,0,0,0,0,0,0,0,0,0,0,0,0,0,0,0,0,0,0,0,0,0,0,0,0,0,99.13036604,0,0,0,0,0,0,0,0,0,0,0,0,0,0,0,0,0,0,0,0,0,0,0.031623053,0,0,0.308324769,0,0,0,0,0,0,0,0,0,0,0,0,0,0,0,0,0,0,0,0,0,0.237172899,0,0,0,0,0,0,0,0,0,0,0,0,0,0,0.276701716,0,0,0,0,0,0,0,0,0,0,0,0,0,0,0,0.015811527,0,0,0,0,0,0,0,0,0,0,0,0,0,0,0,0,0,0,0,0,0,0,0,0,0,0,0,0,0,0,0,0,0,0,0,0,0,0,0,0,0,0,0,0,0,0,0,0,0,0
100066.c.051,0,0,0,0,0,0,0,0,0,0,0,0,0,0,0,0,0,0,0,0,0,0,0,0,3.186907838,0,0,0,0,0,0,0,0,0,0,0,0,0,0,0,0,0,0,0,0.258397933,0,0,0,0,0,0,0,0,0,0,0,0,0,0,0,0,0,0,0.078954924,0,0.157909848,0,0,0,0,0,0.078954924,0,0,0,0.021533161,2.978753948,0,0,0.122021246,2.289692794,0,0,0,0.19379845,0.064599483,0,0,45.80821131,0,0,0,0,0,0,0.107665805,0,0.452196382,0,0,0.660350273,0.157909848,2.540913006,19.32960092,0,0,0,0.107665805,0,0,0,5.412001148,0,0,1.220212461,0.258397933,0.021533161,0,0,0,0,0,0,0,0,0.107665805,0,0,0.366063738,0,0,0.050244042,0,2.332759116,0.086132644,0,0.689061154,0.387596899,8.096468562,0,0,0,0,0,0,0,0,0.136376687,0,0,0,1.349411427,0,0,0,0.086132644,0,0,0,0,0,0,0,0,0,0,0,0,0,0,0,0,0.186620729,0,0,0,0,0,0,0,0,0,0,0,0,0,0,0,0,0,0,0,0,0.437840942,0,0,0,0.179443009,0,0,0,0,0,0,0,0,0,0,0,0,0,0,0,0,0,0,0,0
100068.c.052,0,0,0,0,0,0,0,0,0,0,0,0,0,0,0,0,0,0,0,0,0,0,0,0,0,0,0,0,0,0,0,0,0,0,0,0,0,0,0,0,0,0,0,0,0,0,0,0,0,0,0,0,0,0,0,0,0,0,0,0,0,0,0,0,0,0,0,0,0,0,0,0,0,0,0,0,0.506308768,0,0,0,0.409869003,0,0,0,0,0,0,0,1.277826891,0,0,0,0,0,0,0,0,0,0,0,4.862171502,0,0.11251306,5.609579683,0,0,0,0,0,0,0,0,0,0,0.05625653,0,0,0,0,0,0,0,0,0,0,0.080366471,0,0,0,0,0,0,0.040183236,0.040183236,0,0,0.980470948,0,0,0,0,0,0,0,0,0,0,0,0,0,0,85.90372097,0,0,0,0,0,0,0,0,0,0,0,0,0,0,0,0,0,0,0,0,0,0,0,0,0,0,0,0,0,0,0,0,0,0,0,0,0,0,0,0,0,0,0,0,0,0.120549707,0,0,0,0,0,0,0,0,0,0,0,0,0,0,0,0,0,0,0,0
100068.c.054,0,0,0,0,0,0,0,0,0,0,0,0,0,0,0,0,0,0,0,0,0,0,0,0,0,0,0,0,0,0,0,0,0,0,0,0,0,0,0,0,0,0,0,0,0,0,0,0,0,0,0,0,0,0,0,0,0,0,0,0,0,0,0,0,0,0,0,0,0,0,0,0,0,0,0,0,0,0,0,0,0,0,0,0,0,0,0,0.196560197,98.05896806,0,0,0,0,0,0,0,0,0,0,0,0,0,0,0,0,0,0,0,0,0,0,0,0,0,1.375921376,0,0,0,0,0,0,0,0,0,0,0,0,0,0,0,0.024570025,0,0,0,0,0,0.343980344,0,0,0,0,0,0,0,0,0,0,0,0,0,0,0,0,0,0,0,0,0,0,0,0,0,0,0,0,0,0,0,0,0,0,0,0,0,0,0,0,0,0,0,0,0,0,0,0,0,0,0,0,0,0,0,0,0,0,0,0,0,0,0,0,0,0,0,0,0,0,0,0,0,0,0,0,0,0,0,0,0
100068.c.058,0,0,0,0,0,0,0,0,0,0,0,0,0,0,0,0,0,0,0,0,0,0,0,0,0,0,0,0,0,0,0,0,0,0,0,0,0,0,0,0,0,0,0,0,0,0,0,0,0,0,0,0,0,0,0,0,0,0,0,0,0,0,0,0,0,0,0,0,0,0,0,0,0,0,0,0,0,0,0,0,0,0,0,0,0,0,0,1.239527143,97.33731206,0,0,0,0,0,0,0,0,0.206587857,0,0,0.03443131,0,0,0,0,0,0,0,0,0,0,0,0,0,0,0,0,0,0,0,0,0,0,0,0,0,0,0,0.022954206,0,0,0,0,0,0,0,0.263973373,0,0,0,0,0,0,0,0,0,0,0,0,0,0,0.367267302,0,0.172156548,0,0.114771032,0.068862619,0,0,0,0,0,0,0,0,0,0,0,0,0,0,0,0,0,0,0,0,0,0,0,0,0,0.03443131,0.057385516,0,0,0,0,0,0,0.045908413,0,0,0,0,0.03443131,0,0,0,0,0,0,0,0,0,0,0,0,0,0,0,0,0,0,0,0,0,0
100069.c.051,0,0,0,0,0,0,0,0,0,0,0,0,0,0,0,0,0,0,0,0.676046044,0,0,0,0,0,0,0,0,0,0,0,0,0,0,0,0,1.973323589,0,0,0,0,0,0,0,0,0,0,0,0,0,0,0,0,0,0,0,0,0,0,0,0,0,0,0,0,0,0,0,0,2.430111456,0,0,0,1.205919971,0,0,0,0,0,0,1.8636945,0,0,0,0,2.539740544,0,17.74164078,16.62707838,0,0,0,3.14270053,0,0,0,0,1.516535721,0.895304221,0,1.388635118,0,0.529873927,16.57226384,0,0,0,0,0,0,0,4.019733236,2.247396309,0,1.041476338,0,1.827151471,0,0,0.219258177,0,0,0,0,0,0.383701809,0,0,1.224191485,0,0,0,0,0,0,0,1.333820574,0,0,0,0,0,0,0,0,0,0,0,0,0,0,3.051342956,2.631098118,0.602959985,0,0,0,0,0,4.750593824,0,0,0,0,0,0,0,0,0,0,0,0,0,0,0,0,0,0.895304221,0,1.644436324,0,0,0.749132103,0,0,0,0,0,0,0,1.58962178,0,0,0,0,0,0,2.685912662,0,0,0,0,0,0,0,0,0,0,0,0,0,0,0,0,0,0,0,0
100069.c.052,0,0,0,0,0,0,0,0,0,0,0,0,0,0,0,0,0,0,0,0,0,0,0,0,0,0,0,0,0,0,0,0,0,0,0,0,0,0,0,0,0,0,0,0,0,0,0,0,0,0,0,0,0,0,0,0,0,0,0,0,0,0,0,0,0,0,0,0,0,0,0,0,0,0,0,0,0,0,0,0,0,0,0,0,0,0,0,0,0,0,0,0,0,0,0,0,0,0,0,0,0,0,0,0,0,0,0,0,0,0,0,0,0,0,0,0,0,0,0,0,0,0,0,0,0,0,0,0,0,0,0,0,0,0,0,0,0,0,0,0,0,0,0,0,0,0,0,0,98.24126534,0,0,0.106232295,0,0,0,0,0,0,0,0,0,0,0,0,0,0,0,0,0,0,0,0,0,0,0,0,0,0,0,0,0,0,0,0,0,0,0,0,0,0,0,0,0,0.023607177,0,0,0,0,0,0,0,0,0,0,0,0,0,0,0,0,0,1.628895184,0,0,0,0,0,0
100070.c.051,0,0,0,0,0,0,0,0,0,0,0,0,0,0,0,0,0,0,0,0,0,0,0,0,0,0,0,0,0,0,0,0,0,0,0,0,0,0,0,0,0,0,0,0,0,0,0,0,0,0,0,0,0,0,0,0,0,0,0,0,0,0,0,0,0,0,0,0,0,0,0,0,0,0,0,0,0,0,0,0,0,0,0,0,0,0,0,0,99.94277212,0,0,0,0,0,0,0,0,0,0,0,0,0,0,0,0,0,0,0,0,0,0,0,0,0,0,0,0,0,0,0,0,0,0,0,0,0,0,0,0,0,0,0,0,0,0,0,0.057227881,0,0,0,0,0,0,0,0,0,0,0,0,0,0,0,0,0,0,0,0,0,0,0,0,0,0,0,0,0,0,0,0,0,0,0,0,0,0,0,0,0,0,0,0,0,0,0,0,0,0,0,0,0,0,0,0,0,0,0,0,0,0,0,0,0,0,0,0,0,0,0,0,0,0,0,0,0,0,0,0,0
100075.c.053,0,0,0,0,0,0,0,0,0,0,0,0,0,0,0,0,0,0,0,0,0,0,0,0,0,0,0,0,0,0,0,0,0,0,0,0,0,0,0,0,0,0,0,0,0,0,0,0,0,0,0,0,0,0,0,0,0,0,0,0,0,0,0,0,0,0,0,0,0,0,0,0,0,0,0,0,0,0,0,0,0,0,0,0,0,0,0,1.133603239,94.99325236,0,0,0,0,0,0,0,0,0,0,0,0,0,0,0,0,0,0,0,0,0,0,0.067476383,0.053981107,0,2.226720648,0,0,0,0,0,0,0,0,0,0.08097166,0,0,0,0,0,0,0,0,0,0,0,1.052631579,0,0,0,0,0,0,0,0,0,0.026990553,0,0,0,0,0.16194332,0,0.16194332,0,0,0.04048583,0,0,0,0,0,0,0,0,0,0,0,0,0,0,0,0,0,0,0,0,0,0,0,0,0,0,0,0,0,0,0,0,0,0,0,0,0,0,0,0,0,0,0,0,0,0,0,0,0,0,0,0,0,0,0,0,0,0,0,0,0
100075.c.054,0,0,0,0,0,0,0,0,0,0,0,0,0,0,0,0,0.039756162,0,0,0,0,0,0,0,0,0,0,0,0,0,0,0,0,0,0,0,0,0,0,0,0,0,0,0,0,0,0,0,0,0,0,0,0,0,0,0,0,0,0,0,0,0,0,0,0,0,0,0,0,0,0,0,0,0,0,0,0,0,0,0.053008216,0,0,0,0,0,0,0,9.422210443,78.66419295,0,0,0,0,0,0,0,0,0,0,0,0,0,0,0,0,0,0,0,0,0,0,0,0,0,0,0,0,0,0,0,0,0,0,0,0,0,0,0,0,0,0,0,0,0,0,0,8.984892658,0,0.053008216,0,0,0,0,0,0,0,0,0,0,0,0,2.093824543,0,0.145772595,0,0.278293135,0,0,0,0,0,0,0,0,0,0,0,0,0,0,0,0,0,0,0,0,0,0,0,0,0,0,0.053008216,0,0,0,0,0,0,0,0,0.172276703,0,0,0,0,0,0,0,0,0,0,0,0,0,0.039756162,0,0,0,0,0,0,0,0,0,0,0,0
100076.c.051,0,0,0,0,0,0,0,0,0,0,0,0,0.036218761,0,0,0,0.072437523,0,0,0,0,0,0.132802125,0,0,0.120729204,0,0,0,0,0.120729204,0.350114693,0,0,0,0,0,0,0,0,0,0,0,0,0,0,0,0,0,0,0,0,0,0,0,0,0,0,0,0,0,0,0,0,0,0,0,0,0,0.350114693,0,0.325968852,0,0.627791863,0,0,0,0,0,0,0,0.26560425,0,0,0,0.651937704,0,13.71483762,63.12930098,0.217312568,0,0,0.676083545,0,0,0,0,0.796812749,0,0.169020886,0.374260534,0,0,0,0,0,0,0,0,0.253531329,0,0,0,0,0.398406375,0,0,0,0,0,0,0,0.060364602,0,0.482916818,0,0,0,0.060364602,0,0,0,0,0,0,0,6.784981287,0.410479295,0,0,0,0,0,0,0,0,0.289750091,0,0,0.072437523,0,1.533260896,0.507062658,0.845104431,0.060364602,2.46287577,0.615718942,0.156947966,0,0,0.205239647,0,0,0,0,0,0,0,0,0,0,0,0,0,0,0,0,0,0,0.241458409,0,0,0,0,0,0.229385488,0,0,0.169020886,0.639864783,0.205239647,0.664010624,0,0,0,0.072437523,0,0,0,0,0,0,0,0,0,0,0,0.26560425,0,0,0,0,0,0.181093807,0,0,0,0
100078.c.051,0,0,0.055666889,0.111333779,0.089067023,0,0,0,0,0,0,0,0,0,0,0,0.044533511,0.111333779,0,0.278334447,0,0,0.089067023,0,0,0,0,0,0,0,0.31173458,0.734802939,0,0,0.389668225,0,0,0,0,0,0,0,0,0,0,0.256067691,0.089067023,0.211534179,0,0,0,0,0,0,0.089067023,0,0,0,0,0,0,0,0,0,0.222667557,0,0,0,0,0.656869294,0,0.400801603,0,0.645735916,0.089067023,0.055666889,0,0,0,0,0,0.556668893,0,0,0,0,0,23.6918281,33.54486751,0.200400802,0.089067023,0.423068359,1.269205077,0.089067023,0.634602538,0,0,0.411934981,0,0,0.100200401,0,0.111333779,1.992874638,0,0,0.100200401,0,0,0,0,0.67913605,0.378534847,0,0.411934981,0,0,0,0,0,0,0,0,0,0.935203741,0.445335115,0,0,0.378534847,0,0,0,0,0,7.192162102,0,3.250946337,0,0.066800267,0.31173458,0,0,0,0,0,0.122467157,0.52326876,0,0,0,0,2.8167446,0,1.291471833,0,2.994878646,1.67000668,0.456468493,0.055666889,0.233800935,0.222667557,0.322867958,0.167000668,0,0,0,0.089067023,0.289467825,0.089067023,0.066800267,0,0,0,0.189267424,0.066800267,0.111333779,0.077933645,0,0,1.269205077,0.345134714,0,0.200400802,0,0,0,0.489868626,0.211534179,0.200400802,1.079937653,0.389668225,0.590069027,0.033400134,0,0,0,0,0.122467157,0,0.178134046,0,0,0.222667557,0,0,0.178134046,0,0.222667557,0,0.022266756,0,0,0,0.189267424,0,0,0,0
100078.c.052,0,0,0,0,0,0,0,0,0,0,0,0,0,0,0,0,0,0,0,0,0,0,0,0,0,0,0,0,0,0,0,0.170031881,0,0,0,0,0,0,0,0,0,0,0,0,0,0,0,0,0,0,0,0,0,0,0,0,0,0,0,0,0,0,0,0,0,0,0,0,0,0.159404888,0,0,0,0.191285866,0,0,0,0,0,0,0,0.233793836,0,0,0,0.116896918,0,6.726886291,72.82678002,0.063761955,0,0,0.191285866,0,0,0,0,0.350690755,0,0,0,0,0,0,0,0,0,0,0,0,0,0,0.095642933,0,0.446333688,0,0,0,0,0,0,0,0,0,0.244420829,0,0,0,0,0,0,0,0,0,0,0,0,0,0,0,0,0,0,0,0,0,0.127523911,0,10.5738576,0,0,0,0,0.467587673,0,0.765143464,0.41445271,0,0.04250797,0,0.127523911,0.074388948,0,0,0,0.021253985,0,0,0,0,0,0,0,0,0,0,0,0,0,0.031880978,0,0,0.191285866,0,0,0,0.127523911,0,0.095642933,0.340063762,0,0,0,0,0,0,0,0,0,0,0,0,0,0.605738576,0,0,0,0.106269926,0,0,0,0,0,0,0,0,4.070138151,0
100083.c.052,0,0,0,0,0,0,0,0,0,0,0,0,0,0,0,0,0,0,0,0,0,0,0,0,0,0,0,0,0,0,0,0,0,0,0,0,0,0,0,0,0,0,0,0,0,0,0,0,0,0,0,0,0,0,0,0,0,0,0,0,0,0,0,0,0,0,0,0,0,0,0,0,0,0,0,0.04488834,0,0,0,0.04488834,0,0,0,0,0,0,0,2.603523735,69.73403658,0,0,0,0,0,0,0,0,0,0,0,0,0,0,0,0,0,0,0,0,0,0,0.078554595,0,0,0,0,0,0,0,0,0,0,0,0,0.179553361,0,0,0,0,0,0,0,0,0,0,0,25.56390977,0,0,0,0,0,0,0,0,0,0,0,0,0,0,0.527437998,0,0.123442936,0,0.403995062,0.100998766,0,0,0,0.056110425,0,0,0,0,0,0,0,0,0,0,0,0,0,0,0.04488834,0,0,0,0.04488834,0,0,0,0,0,0,0,0,0.100998766,0,0,0.134665021,0.033666255,0,0,0,0,0,0,0,0,0,0,0,0,0,0,0,0,0,0,0,0,0.078554595,0,0,0,0.100998766
100083.c.053,0,0,0,0,0,0,0,0,0,0,0,0,0,0,0,0,0,0,0,0,0,0,0,0,0,0,0,0,0,0,0,0,0,0,0,0,0,0,0,0,0,0,0,0,0,0,0,0,0,0,0,0,0,0,0,0,0,0,0,0,0,0,0,0,0,0,0,0,0,0,0,0,0,0,0,0,0,0,0,0.552810118,0,0,0,0,0,0,0,0,96.82552978,0,0,0,0,0,0,0,0,0,0,0,0,0,0,0,0,0,0,0,0,0,0,0,0,0,0,0,0,0,0,0,0,0,0,0,0,0,0,0,0,0,0,0,0,0,0,0,2.429014155,0,0,0,0,0,0,0,0,0,0,0,0,0,0,0.19264595,0,0,0,0,0,0,0,0,0,0,0,0,0,0,0,0,0,0,0,0,0,0,0,0,0,0,0,0,0,0,0,0,0,0,0,0,0,0,0,0,0,0,0,0,0,0,0,0,0,0,0,0,0,0,0,0,0,0,0,0,0,0,0,0,0,0
100083.c.054,0,0,0,0,0,0,0,0,0,0,0,0,0.050232325,0,0,0,0,0,0.175813136,0,0,0,0,0,0,0,0,0,0,0,0.200929298,0.414416677,0,0,0,0,0,0,0,0,0,0,0,0,0,0.364184353,0,0,0,0,0,0,0,0,0,0,0,0,0,0,0,0,0,0,0,0,0,0,0,0.653020219,0,0.464649002,0,0.514881326,0,0,0,0,0,1.218133869,0,0.313952028,0,0,0,1.808363682,0,22.62966219,49.19000377,0.678136381,0,0,1.255808113,0.138138892,0.238603541,0,0.087906568,0.138138892,0,0,0,3.23998493,0,0,0,0,0,0,0,0,0,0,0.376742434,0,0,0,0,0,0,0,0,0,0,0,0.690694462,0,0,0,0.075348487,0,0,0,0,0,0,0,1.946502574,0,0.150696974,0,0,0,0,0,0,0,1.218133869,0,0,0,0,1.494411654,0.11302273,1.167901545,0,2.988823308,0.879065679,0.326510109,0,0,0.351626272,0,0.125580811,0,0,0,0,0.590229813,0.087906568,0,0,0,0,0,0,0,0,0,0,0.389300515,0.288835866,0,0.678136381,0,0,0,0,0,0,0.401858596,0,0.740926786,0.125580811,0,0,0.150696974,0,0,0,0,0,0,0.150696974,0,0,0.138138892,0,0.263719704,0,0,0,0,0,0.313952028,0,0,0,0
100084.c.051,0,0,0,0,0,0,0,0,0,0,0,0,0,0,0,0,0,0,0,0,0,0,0,0,0,0,0,0,0,0,0,0,0,0,0,0,0,0,0,0,0,0,0,0,0,0,0,0,0,0,0,0,0,0,0,0,0,0,0,0,0,0,0,0,0,0,0,0,0,0,0,0,0,0,0,0,0,0,0,0.407055631,0,0,0,0,0,0,0,0,67.14330446,0,0,0,0,0,0,0,0,0,0,0,0,0,0,0,0,0,0,0,0,0,0,0.18787183,0,0,0,0,0,0,0,0,0,0,0,0,0,0,0,0,0,0,0,0,0,0,0,0,7.859304874,4.373238702,0,0,0,0,0,0,0,0,0,0,0,0,0,20.02922451,0,0,0,0,0,0,0,0,0,0,0,0,0,0,0,0,0,0,0,0,0,0,0,0,0,0,0,0,0,0,0,0,0,0,0,0,0,0,0,0,0,0,0,0,0,0,0,0,0,0,0,0,0,0,0,0,0,0,0,0,0,0,0,0,0,0
100084.c.052,0,0,0,0,0,0,0,0,0,0,0,0,0,0,0,0,0,0,0,0,0,0,0,0,0,0,0,0,0,0,0,0.07600228,0,0,0,0,0,0,0,0,0,0,0,0,0,0,0,0,0,0,0,0,0,0,0,0,0,0,0,0,0,0,0,0,0,0,0,0,0,0,0,0,0,0.05700171,0,0,0,0,0,5.91867756,0,0,0,0,0,0,0,1.235037051,71.100133,0,0,0,0,0,0,0,0,0,0,0,0,0.085502565,0,0,0,0,0,0.617518526,0,0,0,0,0,0,6.650199506,0,0,0,0,0,0,0,0,0,0,0,0,0,0,0,0,0,0,0,0,0,13.45240357,0,0,0,0,0,0,0,0,0,0,0,0,0,0,0.39901197,0,0.15200456,0,0.13300399,0,0,0,0,0,0,0,0,0,0,0,0,0,0,0,0,0,0,0,0,0,0.01900057,0,0,0,0,0,0,0,0,0,0,0.01900057,0,0,0.085502565,0,0,0,0,0,0,0,0,0,0,0,0,0,0,0,0,0,0,0,0,0,0,0,0,0,0
100090.c.051,0,0,0,0,0,0,0,0,0,0,0,0,0,0,0,0,0,0,0,0,0,0,0,0,0.060210738,0,0,0,0,0,0,0,0,0,0,0,0,0,0,0,0,0,0,0,0,0,0,0,0,0,0,0,0,0,0,0,0,0,0,0,0,0,0,0,0,0,0,0,0,0,0,0,0,0,0,0,1.726041144,0,0,0.210737582,0,0,0,0,0,0,0,0,45.77019568,0,0,0,0.080280983,0,0,0,0,0.311088811,0,0,2.007024586,0.160561967,0,0.100351229,0,0,0,0.140491721,0,0,0,36.92925238,0,0,0.180632213,0,0,0,0,0,0,0,0,0,0,0.863020572,0,0,0,0,0,0,0,0,1.635725038,0,3.281485198,0.953336678,0,0,0,0,0,0,0,0,0,0,0,0,0,5.559458103,0,0,0,0,0,0,0,0,0.030105369,0,0,0,0,0,0,0,0,0,0,0,0,0,0,0,0,0,0,0,0,0,0,0,0,0,0,0,0,0,0,0,0,0,0,0,0,0,0,0,0,0,0,0,0,0,0,0,0,0,0,0,0,0,0,0,0,0
100091.c.051,0,0.103359173,0,0,0,0,0,0,0,0,0,0,0.07751938,0,0,0,0,0,0.542635659,0.361757106,0,0,0.19379845,0,0,0.07751938,0,0.025839793,0,0.051679587,0.348837209,1.162790698,0.129198966,0.142118863,0,0.387596899,0,0,0,0.284237726,0,0,0,0,0,0.581395349,0,0,0,0,0,0,0,0,0,0,0.19379845,0,0,0,0,0,0,0,0,0,0,0.064599483,0,1.136950904,0,0.620155039,0,0.917312661,0,0,0,0,0,0,0,1.007751938,0,0,0,3.811369509,0,44.2118863,6.705426357,0.736434109,0.23255814,0,2.080103359,0.245478036,1.266149871,0,0.142118863,0.206718346,0.15503876,0,0.310077519,0,0,0,0,0,0,0,0,0,0,0,0.762273902,0,0,0,0.07751938,0,0,0,0,0,0,0,1.873385013,0,0,0,0.180878553,0,0.310077519,0,0,0,0.284237726,0,0,0,0.361757106,0,0,0,0,0,0,0,1.098191214,0,0,0,0,2.105943152,0.749354005,2.209302326,0,7.467700258,1.718346253,0,0,0.465116279,0.620155039,0,0.206718346,0.064599483,0,0,0.064599483,0.633074935,0.11627907,0,0.23255814,0,0,0.465116279,0,0.15503876,0,0,0,0.865633075,0.310077519,0.219638243,1.098191214,0.426356589,0,0.490956072,0,0.15503876,0.322997416,1.795865633,0.542635659,1.149870801,0.07751938,0,0,0,0,0.103359173,0,0,0,0,0,0,0,0.15503876,0,0.568475452,0,0,0,0,0.142118863,0.723514212,0.11627907,0,0,0
100091.c.053,0,0,0,0,0,0,0,0,0,0,0.169090294,0,0,0,0,0,0,0,0.293089843,0,0,0,0,0,0,0.30436253,0,0.022545373,0,0,0.39454402,0.698906549,0,0.101454177,0,0,0,0,0,0,0,0,0,0,0,0.405816706,0,0,0,0,0,0,0,0,0,0,0,0,0,0,0,0,0,0,0.30436253,0,0,0,0,0.822906099,0,0.563634314,0,1.262540863,0,0,0,0,0,0,0,0.608725059,0,0,0,2.536354413,0,34.81005524,28.66644121,0.698906549,0.39454402,0.247999098,1.499267275,0.18036298,0.619997745,0,0,0.39454402,0.101454177,0,0.157817608,0,0,0,0,0,0,0,0,0.281817157,0,0,0.338180588,0,0,0,0.112726863,0,0,0,0,0,0,0,1.18363206,0,0,0,0.214181039,0,0,0,0,0,0,0,0,0.135272235,0.225453726,0,0,0,0,0,0,0,0.78908804,0,0,0,0,1.566903393,0,1.589448766,0.135272235,5.94070567,0.811633412,0.495998196,0,0.529816255,0.495998196,0.247999098,0.270544471,0,0,0.056363431,0,0.191635667,0,0,0,0,0,0.157817608,0.202908353,0,0,0,0,1.747266374,0.338180588,0,0.856724157,0,0,0.349453275,0.315635216,0,0.326907902,1.330176981,0,1.149814001,0.112726863,0,0,0,0,0,0,0,0,0.135272235,0,0,0.135272235,0,0,0.518543569,0.135272235,0,0,0,0,0.315635216,0,0,0,0
